"source_document_key","canonical_citation","in_published_registry","n_rows_curated"
"Aldana 1914 Resumen Hacienda Publica Chile 1833-1914","Aldana, Abelardo. 1914. Resumen de la Hacienda Pública de Chile, 1833–1914. Santiago: Imprenta Universitaria.","yes","1034"
"Aldana 1914. Resumen de la Hacienda Pública de Chile 1833-1914","Aldana, Abelardo. 1914. Resumen de la Hacienda Pública de Chile, 1833–1914. Santiago: Imprenta Universitaria.","yes","935"
"Aldana, Abelardo. 1914. Resumen Hacienda Publica Chile 1833-1914","Aldana, Abelardo. 1914. Resumen de la Hacienda Pública de Chile, 1833–1914. Santiago: Imprenta Universitaria.","yes","279"
"Anuario Estadistico - Chile 1860-1872","Oficina Central de Estadística. 1860–1872. Anuario Estadístico de la República de Chile, Tomos I–XIII. Santiago: Imprenta Nacional. (2012 reissue: Instituto Nacional de Estadísticas.)","yes","1373"
"Anuario Estadistico - Chile 1862","Oficina Central de Estadística. 1863. Anuario Estadístico de la República de Chile, año 1862 (Tomo III). Santiago: Imprenta Nacional.","yes","52"
"Anuario Estadistico - Chile 1862 (Entrega Quinta)","Oficina Central de Estadística. 1863. Anuario Estadístico de la República de Chile, año 1862, Entrega Quinta. Santiago: Imprenta Nacional.","yes","88"
"Anuario Estadistico - Chile 1871.pdf","Oficina Central de Estadística. 1872. Anuario Estadístico de la República de Chile, año 1871. Santiago: Imprenta Nacional.","yes","827"
"Anuario Estadistico - Chile 1909.pdf","Oficina Central de Estadística. 1910. Anuario Estadístico de la República de Chile, año 1909. Santiago: Sociedad Imprenta y Litografía Universo.","yes","1911"
"Anuario Estadistico - Chile 1917 Vol III","Oficina Central de Estadística. 1918. Anuario Estadístico de la República de Chile, año 1917, Vol. III. Santiago: Imprenta Nacional.","yes","125"
"Anuario Estadistico - Chile 1935.pdf","Dirección General de Estadística. 1936. Anuario Estadístico de Chile, año 1935. Santiago.","yes","258"
"Anuario Estadistico Chile 1917 Vol III","Oficina Central de Estadística. 1918. Anuario Estadístico de la República de Chile, año 1917, Vol. III. Santiago: Imprenta Nacional.","yes","79"
"Anuario Estadistico Tomo XI (1870-71)","Oficina Central de Estadística. 1872. Anuario Estadístico de la República de Chile, Tomo XI, años 1870–1871. Santiago: Imprenta Nacional.","yes","100"
"Anuario Estadistico Tomo XXII","Oficina Central de Estadística. ca. 1882. Anuario Estadístico de la República de Chile, Tomo XXII, años 1879–1881. Santiago: Imprenta Nacional.","yes","4"
"Anuario Estadistico Tomo XXIV","Oficina Central de Estadística. ca. 1885. Anuario Estadístico de la República de Chile, Tomo XXIV. Santiago: Imprenta Nacional.","yes","108"
"Anuario Estadistico Tomo XXVI (1887-1888) pub 1892","Oficina Central de Estadística. 1892. Anuario Estadístico de la República de Chile, Tomo XXVI, años 1887–1888. Santiago: Imprenta Nacional.","yes","107"
"Anuario Estadistico Vol III Politica y Administracion 1918","Oficina Central de Estadística. 1919. Anuario Estadístico de la República de Chile, año 1918, Vol. III: Política y Administración. Santiago: Imprenta Nacional.","yes","112"
"Anuario Estadistico Vol III Politica y Administracion 1921","Oficina Central de Estadística. 1922. Anuario Estadístico de la República de Chile, año 1921, Vol. III: Política y Administración. Santiago: Imprenta Nacional.","yes","111"
"Anuario Estadistico de Chile 1928 (Yumpu 56511060)","Dirección General de Estadística. 1929. Anuario Estadístico de Chile, año 1928. Santiago.","yes","456"
"Anuario Estadistico de Chile 1929 (Yumpu 56511061)","Dirección General de Estadística. 1930. Anuario Estadístico de Chile, año 1929. Santiago.","yes","408"
"Anuario Estadistico de Chile 1933 (Yumpu 56511077)","Dirección General de Estadística. 1934. Anuario Estadístico de Chile, año 1933. Santiago.","yes","408"
"Anuario Estadistico de Chile 1934 (Yumpu 56511076)","Dirección General de Estadística. 1935. Anuario Estadístico de Chile, año 1934. Santiago.","yes","425"
"Anuario Estadistico de Chile 1936 (Yumpu 56511081)","Dirección General de Estadística. 1937. Anuario Estadístico de Chile, año 1936. Santiago.","yes","695"
"Anuario Estadistico de Chile 1937 (Yumpu 56511078)","Dirección General de Estadística. 1938. Anuario Estadístico de Chile, año 1937. Santiago.","yes","528"
"Anuario Estadistico de Chile 1938 (Yumpu 56511075)","Dirección General de Estadística. 1939. Anuario Estadístico de Chile, año 1938. Santiago.","yes","545"
"Anuario Estadistico de Chile 1939 (Yumpu 56511090)","Dirección General de Estadística. 1940. Anuario Estadístico de Chile, año 1939. Santiago.","yes","535"
"Anuario Estadistico de Chile 1942 (Yumpu 56511086)","Dirección General de Estadística. 1943. Anuario Estadístico de Chile, año 1942. Santiago.","yes","534"
"Anuario Estadistico de Chile 1943 (Yumpu 56511098)","Dirección General de Estadística. 1944. Anuario Estadístico de Chile, año 1943. Santiago.","yes","550"
"Anuario Estadistico de Chile 1944 (Yumpu 56511091)","Dirección General de Estadística. 1945. Anuario Estadístico de Chile, año 1944. Santiago.","yes","544"
"Anuario Estadistico de Chile 1946 (Yumpu 56511099)","Dirección General de Estadística. 1947. Anuario Estadístico de Chile, año 1946. Santiago.","yes","558"
"Anuario Estadistico de Chile 1947 (Yumpu 56511082)","Dirección General de Estadística. 1948. Anuario Estadístico de Chile, año 1947. Santiago.","yes","557"
"Anuario Estadistico de la Republica de Chile 1879-1880 (Yumpu 56511022)","Oficina Central de Estadística. ca. 1881. Anuario Estadístico de la República de Chile, entrega correspondiente a 1879–1880. Santiago: Imprenta Nacional.","yes","1652"
"Anuario Estadistico de la Republica de Chile 1890-1891-1892 (Yumpu 56511021)","Oficina Central de Estadística. ca. 1893. Anuario Estadístico de la República de Chile, años 1890–1892. Santiago: Imprenta Nacional.","yes","1252"
"Anuario Estadistico de la Republica de Chile 1925 (Yumpu 56511059)","Dirección General de Estadística. 1926. Anuario Estadístico de Chile, año 1925. Santiago.","yes","2044"
"Anuario Estadistico de la Republica de Chile 1926 (Yumpu 56511049)","Dirección General de Estadística. 1927. Anuario Estadístico de Chile, año 1926. Santiago.","yes","633"
"Anuario Estadistico de la Republica de Chile 1930 (Yumpu 56511071)","Dirección General de Estadística. 1931. Anuario Estadístico de Chile, año 1930. Santiago.","yes","410"
"Anuario Estadistico de la Republica de Chile 1931-1935 (Yumpu 56511070)","Dirección General de Estadística. 1936. Anuario Estadístico de Chile, años 1931–1935. Santiago.","yes","1005"
"Anuario Estadistico de la Republica de Chile 1940 (Yumpu 56511096)","Dirección General de Estadística. 1941. Anuario Estadístico de Chile, año 1940. Santiago.","yes","563"
"Anuario Estadistico de la Republica de Chile 1945 (Yumpu 56511087)","Dirección General de Estadística. 1946. Anuario Estadístico de Chile, año 1945. Santiago.","yes","576"
"Anuario Estadistico de la Republica de Chile 1948 (Yumpu 56511094)","Dirección General de Estadística. 1949. Anuario Estadístico de Chile, año 1948. Santiago.","yes","574"
"Anuario Estadistico de la Republica de Chile, Ano 1913, Vol. V Instruccion","Oficina Central de Estadística. 1914. Anuario Estadístico de la República de Chile, año 1913, Vol. V: Instrucción. Santiago: Imprenta Nacional.","yes","172"
"Anuario Estadistico de la Republica de Chile, Ano 1914, Vol. V Instruccion","Oficina Central de Estadística. 1915. Anuario Estadístico de la República de Chile, año 1914, Vol. V: Instrucción. Santiago: Imprenta Nacional.","yes","175"
"Anuario Estadistico de la Republica de Chile, Ano 1914, Vol. VII Mineria y Metalurgia","Oficina Central de Estadística. 1915. Anuario Estadístico de la República de Chile, año 1914, Vol. VII: Minería y Metalurgia. Santiago: Imprenta Nacional.","yes","20"
"Anuario Estadistico de la Republica de Chile, Ano 1926, Vol. I Demografia (Direccion General de Estadistica)","Dirección General de Estadística. 1927. Anuario Estadístico de Chile, año 1926, Vol. I: Demografía. Santiago.","yes","435"
"Anuario Estadistico de la Republica de Chile, Ano 1928 (Direccion General de Estadistica)","Dirección General de Estadística. 1929. Anuario Estadístico de Chile, año 1928. Santiago.","yes","195"
"Anuario Estadistico de la Republica de Chile, Tomo XXII (1879-1881)","Oficina Central de Estadística. ca. 1882. Anuario Estadístico de la República de Chile, Tomo XXII, años 1879–1881. Santiago: Imprenta Nacional.","yes","12"
"Anuario Estadistico de la Republica de Chile, entrega 1876-1877 (Yumpu 56511011)","Oficina Central de Estadística. ca. 1878. Anuario Estadístico de la República de Chile, entrega correspondiente a 1876–1877. Santiago: Imprenta Nacional.","yes","1605"
"Anuario Estadistico de la Republica de Chile, entrega 1877-1878 (Yumpu 56511013)","Oficina Central de Estadística. ca. 1879. Anuario Estadístico de la República de Chile, entrega correspondiente a 1877–1878. Santiago: Imprenta Nacional.","yes","1618"
"Anuario Estadistico de la Republica de Chile, entrega 1877-1878 (Yumpu 56511018)","Oficina Central de Estadística. ca. 1879. Anuario Estadístico de la República de Chile, entrega correspondiente a 1877–1878. Santiago: Imprenta Nacional.","yes","786"
"Anuario Estadistico de la Republica de Chile, entrega 1878-1879 (Yumpu 56511018)","Oficina Central de Estadística. ca. 1880. Anuario Estadístico de la República de Chile, entrega correspondiente a 1878–1879. Santiago: Imprenta Nacional.","yes","833"
"Anuario Estadistico de la Republica de Chile, entrega 1879-1880 (Yumpu 56511022)","Oficina Central de Estadística. ca. 1881. Anuario Estadístico de la República de Chile, entrega correspondiente a 1879–1880. Santiago: Imprenta Nacional.","yes","1672"
"Anuario Estadístico 1860","Oficina Central de Estadística. 1861. Anuario Estadístico de la República de Chile, año 1860 (Tomo I). Santiago: Imprenta Nacional.","yes","193"
"Anuario Estadístico 1860, anuario_1860_births_sex_province_1849_1858.csv","Oficina Central de Estadística. 1861. Anuario Estadístico de la República de Chile, año 1860 (Tomo I), births by sex and province, 1849–1858. Santiago: Imprenta Nacional.","yes","13"
"Anuario Estadístico 1860, anuario_1860_child_mortality_province_1849_1858.csv","Oficina Central de Estadística. 1861. Anuario Estadístico de la República de Chile, año 1860 (Tomo I), child mortality by province, 1849–1858. Santiago: Imprenta Nacional.","yes","13"
"Anuario Estadístico 1860, anuario_1860_deaths_sex_province_1849_1858.csv","Oficina Central de Estadística. 1861. Anuario Estadístico de la República de Chile, año 1860 (Tomo I), deaths by sex and province, 1849–1858. Santiago: Imprenta Nacional.","yes","13"
"Anuario Estadístico 1860, anuario_1860_population_growth_province_1849_1858.csv","Oficina Central de Estadística. 1861. Anuario Estadístico de la República de Chile, año 1860 (Tomo I), population growth by province, 1849–1858. Santiago: Imprenta Nacional.","yes","26"
"Anuario Estadístico 1860, anuario_1860_population_province_census1854.csv","Oficina Central de Estadística. 1861. Anuario Estadístico de la República de Chile, año 1860 (Tomo I), population by province, census of 1854. Santiago: Imprenta Nacional.","yes","28"
"Anuario Estadístico 1860, anuario_1860_population_sex_province_census1854.csv","Oficina Central de Estadística. 1861. Anuario Estadístico de la República de Chile, año 1860 (Tomo I), population by sex and province, census of 1854. Santiago: Imprenta Nacional.","yes","14"
"Anuario Estadístico 1935 - Escuelas","Dirección General de Estadística. 1936. Anuario Estadístico de Chile, año 1935, education section. Santiago.","yes","45"
"Anuario Estadístico 1935, Tabla 36","Dirección General de Estadística. 1936. Anuario Estadístico de Chile, año 1935, Tabla 36. Santiago.","yes","35"
"Anuario Estadístico 1935, Tabla 8","Dirección General de Estadística. 1936. Anuario Estadístico de Chile, año 1935, Tabla 8. Santiago.","yes","69"
"Anuario Estadístico de Chile (municipal finance series, 1885)","Oficina Central de Estadística. ca. 1886. Anuario Estadístico de la República de Chile, año 1885, municipal finance tables. Santiago: Imprenta Nacional.","yes","97"
"Anuario Estadístico de Chile 1860","Oficina Central de Estadística. 1861. Anuario Estadístico de la República de Chile, año 1860 (Tomo I), Tomo I. Santiago: Imprenta Nacional.","yes","35"
"Anuario estadistico, entrega quinta. P. 450; https://dds.crl.edu/item/177216","Oficina Central de Estadística. 1863. Anuario Estadístico de la República de Chile, año 1862, Entrega Quinta, p. 450. Santiago: Imprenta Nacional.","yes","1"
"Anuario estadistico, entrega quinta. P.450; https://dds.crl.edu/item/177216","Oficina Central de Estadística. 1863. Anuario Estadístico de la República de Chile, año 1862, Entrega Quinta, p. 450. Santiago: Imprenta Nacional.","yes","1"
"BCN Legislators Database","Biblioteca del Congreso Nacional de Chile. Reseñas biográficas parlamentarias, 1811 to present. Santiago: BCN.","yes","385"
"BCN Legislators database 1833-1891","Biblioteca del Congreso Nacional de Chile. Reseñas biográficas parlamentarias, 1811 to present. Santiago: BCN.","yes","116"
"Bauer 1975, Chilean Rural Society (theoretical construct)","Bauer, Arnold J. 1975. Chilean Rural Society from the Spanish Conquest to 1930. Cambridge: Cambridge University Press.","yes","49"
"Boletín de la Sociedad Nacional de Agricultura 1874, Vol VI","Sociedad Nacional de Agricultura. 1874. Boletín de la Sociedad Nacional de Agricultura, Vol. VI. Santiago.","yes","56"
"Catastro de Avalúos 1874","República de Chile. 1874. Rol de Avalúos de la Contribución Agrícola, 1874. Santiago.","yes","46"
"Censo 1907 (Memoria Chilena)","Oficina Central de Estadística. 1908. Censo de la República de Chile levantado el 28 de Noviembre de 1907. Santiago: Sociedad Imprenta y Litografía Universo.","yes","628"
"Censo 1920 (MC0043126)","Oficina Central de Estadística. 1925. X Censo de la Población de la República de Chile, 15 de diciembre de 1920. Santiago.","yes","779"
"Censo 1920 (Memoria Chilena)","Oficina Central de Estadística. 1925. X Censo de la Población de la República de Chile, 15 de diciembre de 1920. Santiago.","yes","261"
"Censo 1930 (Memoria Chilena)","Dirección General de Estadística. 1931. X Censo de Población de la República de Chile, 27 de noviembre de 1930. Santiago.","yes","90"
"Censo 1952 (Memoria Chilena)","Servicio Nacional de Estadística y Censos. 1953. XII Censo General de Población y I de Vivienda de la República de Chile, 24 de abril de 1952. Santiago.","yes","153"
"Censo 1952 Tomo 1 - Resumen del Pais (Servicio Nacional de Estadistica y Censos)","Servicio Nacional de Estadística y Censos. ca. 1956. XII Censo General de Población y I de Vivienda, 24 de abril de 1952, Tomo I: Resumen del País. Santiago.","yes","1297"
"Censo 1970 - Caracteristicas basicas de la poblacion, MAGALLANES (INE/CIREN)","Instituto Nacional de Estadísticas. ca. 1973. XIV Censo Nacional de Población y III de Vivienda, abril de 1970: Características Básicas de la Población, folleto Magallanes. Santiago: INE.","yes","18"
"Censo 1970 - Caracteristicas basicas de la poblacion, NUBLE (INE/CIREN)","Instituto Nacional de Estadísticas. ca. 1973. XIV Censo Nacional de Población y III de Vivienda, abril de 1970: Características Básicas de la Población, folleto Ñuble. Santiago: INE.","yes","57"
"Censo 1970 - Caracteristicas basicas de la poblacion, TARAPACA (INE/CIREN)","Instituto Nacional de Estadísticas. ca. 1973. XIV Censo Nacional de Población y III de Vivienda, abril de 1970: Características Básicas de la Población, folleto Tarapacá. Santiago: INE.","yes","27"
"Censo 1970 CIREN folleto AISEN (Características Básicas de la Población)","Instituto Nacional de Estadísticas. ca. 1973. XIV Censo Nacional de Población y III de Vivienda, abril de 1970: Características Básicas de la Población, folleto Aysén. Santiago: INE.","yes","20"
"Censo 1970 CIREN folleto ANTOFAGASTA (Características Básicas de la Población)","Instituto Nacional de Estadísticas. ca. 1973. XIV Censo Nacional de Población y III de Vivienda, abril de 1970: Características Básicas de la Población, folleto Antofagasta. Santiago: INE.","yes","30"
"Censo 1970 CIREN folleto ATACAMA (Características Básicas de la Población)","Instituto Nacional de Estadísticas. ca. 1973. XIV Censo Nacional de Población y III de Vivienda, abril de 1970: Características Básicas de la Población, folleto Atacama. Santiago: INE.","yes","35"
"Censo 1970 CIREN folleto BIOBIO (Características Básicas de la Población)","Instituto Nacional de Estadísticas. ca. 1973. XIV Censo Nacional de Población y III de Vivienda, abril de 1970: Características Básicas de la Población, folleto Biobío. Santiago: INE.","yes","40"
"Censo 1970 CIREN folleto CAUTIN (Características Básicas de la Población)","Instituto Nacional de Estadísticas. ca. 1973. XIV Censo Nacional de Población y III de Vivienda, abril de 1970: Características Básicas de la Población, folleto Cautín. Santiago: INE.","yes","80"
"Censo 1970 CIREN folleto CHILOE (Características Básicas de la Población)","Instituto Nacional de Estadísticas. ca. 1973. XIV Censo Nacional de Población y III de Vivienda, abril de 1970: Características Básicas de la Población, folleto Chiloé. Santiago: INE.","yes","60"
"Censo 1970 CIREN folleto COLCHAGUA (Características Básicas de la Población)","Instituto Nacional de Estadísticas. ca. 1973. XIV Censo Nacional de Población y III de Vivienda, abril de 1970: Características Básicas de la Población, folleto Colchagua. Santiago: INE.","yes","135"
"Censo 1970 CIREN folleto CONCEPCION (Características Básicas de la Población)","Instituto Nacional de Estadísticas. ca. 1973. XIV Censo Nacional de Población y III de Vivienda, abril de 1970: Características Básicas de la Población, folleto Concepción. Santiago: INE.","yes","70"
"Censo 1970 CIREN folleto COQUIMBO (Características Básicas de la Población)","Instituto Nacional de Estadísticas. ca. 1973. XIV Censo Nacional de Población y III de Vivienda, abril de 1970: Características Básicas de la Población, folleto Coquimbo. Santiago: INE.","yes","75"
"Censo 1970 CIREN folleto CURICO (Características Básicas de la Población)","Instituto Nacional de Estadísticas. ca. 1973. XIV Censo Nacional de Población y III de Vivienda, abril de 1970: Características Básicas de la Población, folleto Curicó. Santiago: INE.","yes","63"
"Censo 1970 CIREN folleto LINARES (Características Básicas de la Población)","Instituto Nacional de Estadísticas. ca. 1973. XIV Censo Nacional de Población y III de Vivienda, abril de 1970: Características Básicas de la Población, folleto Linares. Santiago: INE.","yes","40"
"Censo 1970 CIREN folleto LLANQUIHUE (Características Básicas de la Población)","Instituto Nacional de Estadísticas. ca. 1973. XIV Censo Nacional de Población y III de Vivienda, abril de 1970: Características Básicas de la Población, folleto Llanquihue. Santiago: INE.","yes","45"
"Censo 1970 CIREN folleto MAULE (Características Básicas de la Población)","Instituto Nacional de Estadísticas. ca. 1973. XIV Censo Nacional de Población y III de Vivienda, abril de 1970: Características Básicas de la Población, folleto Maule. Santiago: INE.","yes","18"
"Censo 1970 CIREN folleto OHIGGINS (Características Básicas de la Población)","Instituto Nacional de Estadísticas. ca. 1973. XIV Censo Nacional de Población y III de Vivienda, abril de 1970: Características Básicas de la Población, folleto O'Higgins. Santiago: INE.","yes","85"
"Censo 1970 CIREN folleto OSORNO (Características Básicas de la Población)","Instituto Nacional de Estadísticas. ca. 1973. XIV Censo Nacional de Población y III de Vivienda, abril de 1970: Características Básicas de la Población, folleto Osorno. Santiago: INE.","yes","25"
"Censo 1970 CIREN folleto SANTIAGO (Características Básicas de la Población)","Instituto Nacional de Estadísticas. ca. 1973. XIV Censo Nacional de Población y III de Vivienda, abril de 1970: Características Básicas de la Población, folleto Santiago. Santiago: INE.","yes","188"
"Censo 1970 CIREN folleto TALCA (Características Básicas de la Población)","Instituto Nacional de Estadísticas. ca. 1973. XIV Censo Nacional de Población y III de Vivienda, abril de 1970: Características Básicas de la Población, folleto Talca. Santiago: INE.","yes","81"
"Censo 1970 CIREN folleto VALDIVIA (Características Básicas de la Población)","Instituto Nacional de Estadísticas. ca. 1973. XIV Censo Nacional de Población y III de Vivienda, abril de 1970: Características Básicas de la Población, folleto Valdivia. Santiago: INE.","yes","60"
"Censo 1970 CIREN folleto VALPARAISO (Características Básicas de la Población)","Instituto Nacional de Estadísticas. ca. 1973. XIV Censo Nacional de Población y III de Vivienda, abril de 1970: Características Básicas de la Población, folleto Valparaíso. Santiago: INE.","yes","90"
"Censo 1992 (INE, Ciudades Pueblos y Aldeas, born-digital)","Instituto Nacional de Estadísticas. 1995. Censo de Población y Vivienda 1992: Ciudades, Pueblos y Aldeas. Santiago: INE.","yes","6030"
"Censo 1992 (INE, born-digital volumen)","Instituto Nacional de Estadísticas. 1993. Censo de Población y Vivienda 1992: Resultados Generales. Santiago: INE.","yes","987"
"Censo Electoral 1915","Dirección del Rejistro Electoral. 1915. Censo Electoral de la República de Chile, 1915. Santiago.","yes","225"
"Censo Jeneral 1875 (MC0043456)","Oficina Central de Estadística. 1876. Quinto Censo Jeneral de la Población de Chile, 1875. Santiago: Imprenta Nacional.","yes","10149"
"Censo Jeneral de la Poblacion de Chile 1875 (Quinto Censo, Oficina Central de Estadistica, 1876)","Oficina Central de Estadística. 1876. Quinto Censo Jeneral de la Población de Chile, 1875. Santiago: Imprenta Nacional.","yes","218"
"Censo Jeneral de la República de Chile, 1865, Clasificacion por provincias","Oficina Central de Estadística. 1866. Censo Jeneral de la República de Chile, 19 de abril de 1865, clasificación por provincias. Santiago: Imprenta Nacional.","yes","55"
"Censo Jeneral de la República de Chile, 1865, Cuadro Sinóptico","Oficina Central de Estadística. 1866. Censo Jeneral de la República de Chile, 19 de abril de 1865, Cuadro Sinóptico. Santiago: Imprenta Nacional.","yes","43"
"Censo de la Republica de Chile levantado el 28 de Noviembre de 1907 (Comision Central del Censo, 1908)","Oficina Central de Estadística. 1908. Censo de la República de Chile levantado el 28 de Noviembre de 1907. Santiago: Sociedad Imprenta y Litografía Universo.","yes","4664"
"Census (census_1930_canonical_pop.csv)","Census (census_1930_canonical_pop.csv)","yes","5"
"Census (census_1930_from1940_canonical_pop.csv)","Census (census_1930_from1940_canonical_pop.csv)","yes","22"
"Census (census_1940_canonical_pop.csv)","Census (census_1940_canonical_pop.csv)","yes","48"
"Census (census_1952_canonical_pop.csv)","Census (census_1952_canonical_pop.csv)","yes","46"
"Census - Chile 1865.pdf","Oficina Central de Estadística. 1866. Censo Jeneral de la República de Chile, 19 de abril de 1865. Santiago: Imprenta Nacional.","yes","6322"
"Census - Chile 1875","Oficina Central de Estadística. 1876. Quinto Censo Jeneral de la Población de Chile, 1875. Santiago: Imprenta Nacional.","yes","20"
"Census - Chile 1885 Tomo II.pdf","Oficina Central de Estadística. ca. 1889. Sesto Censo Jeneral de la Población de Chile, 26 de noviembre de 1885, Tomo II. Santiago: Imprenta Nacional.","yes","14121"
"Census - Chile 1895 Preliminar.pdf","Oficina Central de Estadística. 1896. Sétimo Censo Jeneral de la Población de Chile, 28 de noviembre de 1895: Resultados Preliminares. Santiago.","yes","947"
"Census - Chile 1895 Tomo I.pdf","Oficina Central de Estadística. ca. 1900. Sétimo Censo Jeneral de la Población de Chile, 28 de noviembre de 1895, Tomo I. Santiago.","yes","2484"
"Census - Chile 1895 Tomo II.pdf","Oficina Central de Estadística. ca. 1900. Sétimo Censo Jeneral de la Población de Chile, 28 de noviembre de 1895, Tomo II. Santiago.","yes","2788"
"Census - Chile 1895 Tomo III.pdf","Oficina Central de Estadística. ca. 1900. Sétimo Censo Jeneral de la Población de Chile, 28 de noviembre de 1895, Tomo III. Santiago.","yes","2992"
"Census - Chile 1895 Tomo IV.pdf","Oficina Central de Estadística. ca. 1900. Sétimo Censo Jeneral de la Población de Chile, 28 de noviembre de 1895, Tomo IV. Santiago.","yes","2165"
"Census - Chile 1930 VERIFIED","Dirección General de Estadística. 1931. X Censo de Población de la República de Chile, 27 de noviembre de 1930. Santiago.","yes","335"
"Curation-15 reconstruction (Historical Atlas of Chile)","Historical Atlas of Chile. 2026. Reconstructed series (curation step 15), computed from primary fiscal and trade levels held in the atlas; formulas stated in each indicator definition and the methodology document.","no","68"
"Datos Mamalakis","Mamalakis, Markos. 1980. Historical Statistics of Chile, Volume 2: Demography and Labor Force. Westport, CT: Greenwood Press.","yes","665"
"Datos Mamalakis 1","Mamalakis, Markos. 1980. Historical Statistics of Chile, Volume 2: Demography and Labor Force. Westport, CT: Greenwood Press.","yes","286"
"Empleados publicos; Censo 1920, organizado por tema; http://www.bibliotecanacionaldigital.gob.cl/visor/BND:82449","Oficina Central de Estadística. 1925. X Censo de la Población de la República de Chile, 15 de diciembre de 1920, public employees by theme. Santiago.","yes","33"
"Enfranchisement Data 1862","Véjares, Maximiliano. 2026. Enfranchised-voter series, Chile, 1862 to 1920. Historical Atlas of Chile compiled series; construction documented in the atlas methodology, section 'Compiled series: construction notes'. Compiled from the Anuario Estadístico calificados and inscritos tabulations and census occupational tables.","yes","143"
"Enfranchisement Data 1872","Véjares, Maximiliano. 2026. Enfranchised-voter series, Chile, 1862 to 1920. Historical Atlas of Chile compiled series; construction documented in the atlas methodology, section 'Compiled series: construction notes'. Compiled from the Anuario Estadístico calificados and inscritos tabulations and census occupational tables.","yes","143"
"Enfranchisement Data 1920","Véjares, Maximiliano. 2026. Enfranchised-voter series, Chile, 1862 to 1920. Historical Atlas of Chile compiled series; construction documented in the atlas methodology, section 'Compiled series: construction notes'. Compiled from the Anuario Estadístico calificados and inscritos tabulations and census occupational tables.","yes","193"
"Estadistica Anual de la Republica de Chile 1926/1927 (Direccion General de Estadistica)","Dirección General de Estadística. ca. 1928. Estadística Anual de la República de Chile, años 1926–1927. Santiago.","yes","36"
"Estadistica Anual de la Republica de Chile 1927 (Yumpu 56511056)","Dirección General de Estadística. ca. 1928. Estadística Anual de la República de Chile, año 1927. Santiago.","yes","121"
"Humud - Politica economica en Chile 1830-1930","Humud, Carlos. 1969. La Política Económica de Chile entre 1830 y 1930. Universidad de Chile.","yes","647"
"Landholding & Democracy in Chile (analysis_panel.xlsx, sheet 3)","Véjares, Maximiliano. 2026. Enfranchised-voter series, Chile, 1862 to 1920. Historical Atlas of Chile compiled series; construction documented in the atlas methodology, section 'Compiled series: construction notes'. Compiled from the Anuario Estadístico calificados and inscritos tabulations and census occupational tables.","yes","50"
"Landholding & Democracy in Chile (analysis_panel.xlsx, sheet 5)","Véjares, Maximiliano. 2026. Enfranchised-voter series, Chile, 1862 to 1920. Historical Atlas of Chile compiled series; construction documented in the atlas methodology, section 'Compiled series: construction notes'. Compiled from the Anuario Estadístico calificados and inscritos tabulations and census occupational tables.","yes","2"
"Lei de Presupuestos 1890, Ministerio del Interior","República de Chile. 1890. Lei de Presupuestos de los Gastos Jenerales de la Administración Pública para el año 1890, Ministerio del Interior. Santiago: Imprenta Nacional.","yes","36"
"Lei de Presupuestos 1891, Ministerio de Justicia, Culto e Instruccion Publica","República de Chile. 1891. Lei de Presupuestos de los Gastos Jenerales de la Administración Pública para el año 1891, Ministerio de Justicia, Culto e Instrucción Pública. Santiago: Imprenta Nacional.","yes","12"
"Lei de Presupuestos 1892, Ministerio del Interior","República de Chile. 1892. Lei de Presupuestos de los Gastos Jenerales de la Administración Pública para el año 1892, Ministerio del Interior. Santiago: Imprenta Nacional.","yes","6"
"Lei de Presupuestos 1893, Ministerio del Interior","República de Chile. 1893. Lei de Presupuestos de los Gastos Jenerales de la Administración Pública para el año 1893, Ministerio del Interior. Santiago: Imprenta Nacional.","yes","21"
"Lei de Presupuestos 1894, Ministerio de Justicia e Instruccion Publica, Seccion de Justicia","República de Chile. 1894. Lei de Presupuestos de los Gastos Jenerales de la Administración Pública para el año 1894, Ministerio de Justicia e Instrucción Pública, Sección de Justicia. Santiago: Imprenta Nacional.","yes","12"
"Lei de Presupuestos 1894, Ministerio del Interior","República de Chile. 1894. Lei de Presupuestos de los Gastos Jenerales de la Administración Pública para el año 1894, Ministerio del Interior. Santiago: Imprenta Nacional.","yes","15"
"Lei de Presupuestos 1895, Ministerio de Justicia, Culto e Instruccion Publica","República de Chile. 1895. Lei de Presupuestos de los Gastos Jenerales de la Administración Pública para el año 1895, Ministerio de Justicia, Culto e Instrucción Pública. Santiago: Imprenta Nacional.","yes","3"
"Lei de Presupuestos 1895, Ministerio del Interior","República de Chile. 1895. Lei de Presupuestos de los Gastos Jenerales de la Administración Pública para el año 1895, Ministerio del Interior. Santiago: Imprenta Nacional.","yes","12"
"Lei de Presupuestos 1896, Ministerio de Justicia, Culto e Instruccion Publica","República de Chile. 1896. Lei de Presupuestos de los Gastos Jenerales de la Administración Pública para el año 1896, Ministerio de Justicia, Culto e Instrucción Pública. Santiago: Imprenta Nacional.","yes","6"
"Mamalakis 1980 Historical Statistics Vol 2","Mamalakis, Markos. 1980. Historical Statistics of Chile, Volume 2: Demography and Labor Force. Westport, CT: Greenwood Press.","yes","339"
"Mamalakis 1980 Vol 2 Ch 16 Regional Distribution","Mamalakis, Markos. 1980. Historical Statistics of Chile, Volume 2: Demography and Labor Force, regional distribution tables. Westport, CT: Greenwood Press.","yes","235"
"Mamalakis 1980 Vol 2 Migration","Mamalakis, Markos. 1980. Historical Statistics of Chile, Volume 2: Demography and Labor Force, migration tables. Westport, CT: Greenwood Press.","yes","150"
"Mamalakis 1980 Vol 2 Regional Distribution","Mamalakis, Markos. 1980. Historical Statistics of Chile, Volume 2: Demography and Labor Force, regional distribution tables. Westport, CT: Greenwood Press.","yes","557"
"Mamalakis Vol 2, Table 1.1 (DEC/INE/ODEPLAN)","Mamalakis, Markos. 1980. Historical Statistics of Chile, Volume 2: Demography and Labor Force, Table 1.1 (DEC/INE/ODEPLAN source). Westport, CT: Greenwood Press.","yes","210"
"Mamalakis Vol 2, Table 1.2 (INE)","Mamalakis, Markos. 1980. Historical Statistics of Chile, Volume 2: Demography and Labor Force, Table 1.2 (INE source). Westport, CT: Greenwood Press.","yes","26"
"Mamalakis Vol 2, Table 10.1 (Census 1952, corrected)","Mamalakis, Markos. 1980. Historical Statistics of Chile, Volume 2: Demography and Labor Force, Table 10.1 (1952 census, corrected). Westport, CT: Greenwood Press.","yes","75"
"Mamalakis Vol 2, Table 12.1 (Sergio De Castro 1979)","Mamalakis, Markos. 1980. Historical Statistics of Chile, Volume 2: Demography and Labor Force, Table 12.1 (compiled from De Castro 1979). Westport, CT: Greenwood Press.","yes","60"
"Mamalakis Vol 2, Table 17.1 (DEC/INE)","Mamalakis, Markos. 1980. Historical Statistics of Chile, Volume 2: Demography and Labor Force, Table 17.1 (DEC/INE source). Westport, CT: Greenwood Press.","yes","58"
"Mamalakis Vol 2, Table 17.2 (DEC/INE)","Mamalakis, Markos. 1980. Historical Statistics of Chile, Volume 2: Demography and Labor Force, Table 17.2 (INE source). Westport, CT: Greenwood Press.","yes","72"
"Mamalakis Vol 2, Table 2.1 (DEC/INE)","Mamalakis, Markos. 1980. Historical Statistics of Chile, Volume 2: Demography and Labor Force, Table 2.1 (DEC/INE source). Westport, CT: Greenwood Press.","yes","76"
"Mamalakis, Markos. 1980. Historical Statistics Vol 2 Population","Mamalakis, Markos. 1980. Historical Statistics of Chile, Volume 2: Demography and Labor Force, population tables. Westport, CT: Greenwood Press.","yes","129"
"Memoria Interior","Ministerio del Interior. Multiple years. Memoria del Ministerio del Interior presentada al Congreso Nacional. Santiago.","yes","56"
"Memoria Interior 1870.pdf","Ministerio del Interior. 1870. Memoria del Ministerio del Interior presentada al Congreso Nacional en 1870. Santiago: Imprenta Nacional.","yes","167"
"Memoria Interior 1875.pdf","Ministerio del Interior. 1875. Memoria del Ministerio del Interior presentada al Congreso Nacional en 1875. Santiago: Imprenta Nacional.","yes","60"
"Memoria de Hacienda - Chile 1856","Ministerio de Hacienda. 1857. Memoria de Hacienda presentada al Congreso Nacional, año 1856. Santiago.","yes","242"
"Memoria de Hacienda - Chile 1857","Ministerio de Hacienda. 1858. Memoria de Hacienda presentada al Congreso Nacional, año 1857. Santiago.","yes","17"
"Memoria de Hacienda - Chile 1858","Ministerio de Hacienda. 1859. Memoria de Hacienda presentada al Congreso Nacional, año 1858. Santiago.","yes","294"
"Memoria de Hacienda - Chile 1860","Ministerio de Hacienda. 1861. Memoria de Hacienda presentada al Congreso Nacional, año 1860. Santiago.","yes","19"
"Memoria de Hacienda - Chile 1861","Ministerio de Hacienda. 1862. Memoria de Hacienda presentada al Congreso Nacional, año 1861. Santiago.","yes","50"
"Memoria de Hacienda - Chile 1876","Ministerio de Hacienda. 1877. Memoria de Hacienda presentada al Congreso Nacional, año 1876. Santiago.","yes","67"
"Memoria de Hacienda - Chile 1882","Ministerio de Hacienda. 1883. Memoria de Hacienda presentada al Congreso Nacional, año 1882. Santiago.","yes","78"
"Memoria de Hacienda - Chile 1883","Ministerio de Hacienda. 1884. Memoria de Hacienda presentada al Congreso Nacional, año 1883. Santiago.","yes","13"
"Memoria de Hacienda - Chile 1885","Ministerio de Hacienda. 1886. Memoria de Hacienda presentada al Congreso Nacional, año 1885. Santiago.","yes","38"
"Memoria de Hacienda - Chile 1888","Ministerio de Hacienda. 1889. Memoria de Hacienda presentada al Congreso Nacional, año 1888. Santiago.","yes","171"
"Memoria de Hacienda - Chile 1889","Ministerio de Hacienda. 1890. Memoria de Hacienda presentada al Congreso Nacional, año 1889. Santiago.","yes","96"
"Memoria de Hacienda - Chile 1890","Ministerio de Hacienda. 1891. Memoria de Hacienda presentada al Congreso Nacional, año 1890. Santiago.","yes","71"
"Memoria del Interior - Chile 1840.pdf","Ministerio del Interior. 1840. Memoria del Ministerio del Interior presentada al Congreso Nacional en 1840. Santiago: Imprenta del Estado.","yes","52"
"Memoria del Interior - Chile 1862","Ministerio del Interior. 1862. Memoria del Ministerio del Interior presentada al Congreso Nacional en 1862. Santiago: Imprenta Nacional.","yes","63"
"Memoria del Interior - Chile 1877","Ministerio del Interior. 1877. Memoria del Ministerio del Interior presentada al Congreso Nacional en 1877. Santiago: Imprenta Nacional.","yes","121"
"Memoria del Interior - Chile 1878","Ministerio del Interior. 1878. Memoria del Ministerio del Interior presentada al Congreso Nacional en 1878. Santiago: Imprenta Nacional.","yes","364"
"Memoria del Interior - Chile 1879","Ministerio del Interior. 1879. Memoria del Ministerio del Interior presentada al Congreso Nacional en 1879. Santiago: Imprenta Nacional.","yes","181"
"Memoria del Interior - Chile 1883","Ministerio del Interior. 1883. Memoria del Ministerio del Interior presentada al Congreso Nacional en 1883. Santiago: Imprenta Nacional.","yes","302"
"Memoria del Interior - Chile 1887","Ministerio del Interior. 1888. Memoria del Ministerio del Interior presentada al Congreso Nacional, año 1887. Santiago.","yes","1167"
"Memoria del Interior - Chile 1890","Ministerio del Interior. 1891. Memoria del Ministerio del Interior presentada al Congreso Nacional, año 1890, Tomo I. Santiago.","yes","1160"
"Memoria del Interior 1862","Ministerio del Interior. 1862. Memoria del Ministerio del Interior presentada al Congreso Nacional en 1862. Santiago: Imprenta Nacional.","yes","335"
"Memoria del Interior 1892 Tomo II","Ministerio del Interior. 1893. Memoria del Ministerio del Interior presentada al Congreso Nacional, año 1892, Tomo II. Santiago.","yes","841"
"Memoria del Interior 1893 Tomo I","Ministerio del Interior. 1893. Memoria del Ministerio del Interior presentada al Congreso Nacional en 1893, Tomo I. Santiago.","yes","975"
"Memoria del Interior 1893 Tomo III","Ministerio del Interior. 1893. Memoria del Ministerio del Interior presentada al Congreso Nacional en 1893, Tomo III. Santiago.","yes","78"
"Memoria del Interior 1895","Ministerio del Interior. 1895. Memoria del Ministerio del Interior presentada al Congreso Nacional en 1895. Santiago.","yes","718"
"Memoria del Ministerio de Hacienda 1861","Ministerio de Hacienda. 1861. Memoria de Hacienda presentada al Congreso Nacional en 1861. Santiago.","yes","10"
"Memoria del Ministerio de Hacienda 1870","Ministerio de Hacienda. 1870. Memoria de Hacienda presentada al Congreso Nacional en 1870. Santiago.","yes","10"
"Memoria del Ministerio de Hacienda 1876","Ministerio de Hacienda. 1876. Memoria de Hacienda presentada al Congreso Nacional en 1876. Santiago.","yes","10"
"Memoria del Ministerio de Hacienda 1880","Ministerio de Hacienda. 1880. Memoria de Hacienda presentada al Congreso Nacional en 1880. Santiago.","yes","10"
"Memoria del Ministerio de Hacienda 1889","Ministerio de Hacienda. 1889. Memoria de Hacienda presentada al Congreso Nacional en 1889. Santiago.","yes","10"
"Molina 1898. Bosquejo de la Hacienda Pública de Chile 1830-1897","Molina, Evaristo. 1898. Bosquejo de la Hacienda Pública de Chile desde la Independencia hasta 1897. Santiago: Imprenta Nacional.","yes","268"
"ODEPA Estadisticas Agropecuarias 1965-1974 (Min. Agricultura, 1976)","Oficina de Planificación Agrícola (ODEPA). 1976. Estadísticas Agropecuarias 1965–1974. Santiago: Ministerio de Agricultura.","yes","3122"
"Población rural; en %","Oficina Central de Estadística. 1925. X Censo de la Población de la República de Chile, 15 de diciembre de 1920, urbano-rural department tables. Santiago.","yes","65"
"Población total; Censo 1920, organizado por tema; http://www.bibliotecanacionaldigital.gob.cl/visor/BND:82449","Población total; Censo 1920, organizado por tema; http://www.bibliotecanacionaldigital.gob.cl/visor/BND:82449","yes","23"
"Resumen Hacienda Publica 1899 p.60","Aldana, Abelardo. 1914. Resumen de la Hacienda Pública de Chile, 1833–1914, p. 60. Santiago: Imprenta Universitaria.","yes","237"
"Rol de Avalúos 1874 (departmental)","República de Chile. 1874. Rol de Avalúos de la Contribución Agrícola, 1874. Santiago.","yes","152"
"Rol de Contribuyentes 1875","Ministerio de Hacienda. 1876. Rol de Contribuyentes de la República de Chile, 1875. Santiago.","yes","180"
"SNA 1874","Sociedad Nacional de Agricultura. 1874. Boletín de la Sociedad Nacional de Agricultura, Vol. VI. Santiago.","yes","78"
"Sinopsis Estadistica - Chile 1900","Oficina Central de Estadística. 1900. Sinopsis Estadística de la República de Chile, año 1900. Santiago: Imprenta Nacional.","yes","267"
"Sinopsis Estadistica - Chile 1900.pdf","Oficina Central de Estadística. 1900. Sinopsis Estadística de la República de Chile, año 1900. Santiago: Imprenta Nacional.","yes","118"
"Sinopsis Estadistica - Chile 1924-1927","Dirección General de Estadística. 1927. Sinopsis Estadística de Chile, 1924–1927. Santiago.","yes","1638"
"Sinopsis Estadistica de Chile 1924-27","Dirección General de Estadística. 1927. Sinopsis Estadística de Chile, 1924–1927. Santiago.","yes","539"
"Sinopsis Estadística 1924-27, p.27","Dirección General de Estadística. 1927. Sinopsis Estadística de Chile, 1924–1927, p. 27. Santiago.","yes","127"
"Sinopsis Estadística 1924-27, p.29","Dirección General de Estadística. 1927. Sinopsis Estadística de Chile, 1924–1927, p. 29. Santiago.","yes","225"
"Sinopsis Estadística 1924-27, p.32","Dirección General de Estadística. 1927. Sinopsis Estadística de Chile, 1924–1927, p. 32. Santiago.","yes","96"
"Sinopsis Estadística 1924-27, p.39","Dirección General de Estadística. 1927. Sinopsis Estadística de Chile, 1924–1927, p. 39. Santiago.","yes","69"
"Sinopsis Estadística 1924-27, p.55","Dirección General de Estadística. 1927. Sinopsis Estadística de Chile, 1924–1927, p. 55. Santiago.","yes","24"
"Sinopsis Estadística de Chile 1875 (municipal finance series)","Oficina Central de Estadística. 1875. Sinopsis Estadística de la República de Chile, año 1875, municipal finance section. Santiago: Imprenta Nacional.","yes","309"
"Sinopsis Estadística de Chile 1895 (municipal finance series)","Oficina Central de Estadística. 1895. Sinopsis Estadística de la República de Chile, año 1895, municipal finance section. Santiago: Imprenta Nacional.","yes","237"
"Sinopsis Estadística de Chile 1907 (municipal finance series)","Oficina Central de Estadística. 1907. Sinopsis Estadística de la República de Chile, año 1907, municipal finance section. Santiago: Imprenta Nacional.","yes","98"
"Sinopsis estadistica i jeografica de Chile","Oficina Central de Estadística. ca. 1858. Sinopsis Estadística i Jeográfica de la República de Chile. Santiago: Imprenta Nacional.","yes","581"
"User-curated assembly (chile_pubemp_per_capita_all_years.csv)","Véjares, Maximiliano. 2026. Public-employment series, Chile, census years 1865 to 1920. Historical Atlas of Chile compiled series; construction documented in the atlas methodology, section 'Compiled series: construction notes'. Compiled from the census occupational tables, 1865 to 1920.","yes","65"
"User-curated assembly (enfranchised 1863.xlsx)","Véjares, Maximiliano. 2026. Enfranchised-voter series, Chile, 1862 to 1920. Historical Atlas of Chile compiled series; construction documented in the atlas methodology, section 'Compiled series: construction notes'. Compiled from the Anuario Estadístico calificados and inscritos tabulations and census occupational tables.","yes","11"
"User-curated assembly (enfranchised 1872.xlsx)","Véjares, Maximiliano. 2026. Enfranchised-voter series, Chile, 1862 to 1920. Historical Atlas of Chile compiled series; construction documented in the atlas methodology, section 'Compiled series: construction notes'. Compiled from the Anuario Estadístico calificados and inscritos tabulations and census occupational tables.","yes","100"
"User-curated assembly (enfranchised 1881.xlsx)","Véjares, Maximiliano. 2026. Enfranchised-voter series, Chile, 1862 to 1920. Historical Atlas of Chile compiled series; construction documented in the atlas methodology, section 'Compiled series: construction notes'. Compiled from the Anuario Estadístico calificados and inscritos tabulations and census occupational tables.","yes","141"
"User-curated assembly (enfranchised 1917.xlsx)","Véjares, Maximiliano. 2026. Enfranchised-voter series, Chile, 1862 to 1920. Historical Atlas of Chile compiled series; construction documented in the atlas methodology, section 'Compiled series: construction notes'. Compiled from the Anuario Estadístico calificados and inscritos tabulations and census occupational tables.","yes","132"
"User-curated assembly (enfranchised 1920.xlsx)","Véjares, Maximiliano. 2026. Enfranchised-voter series, Chile, 1862 to 1920. Historical Atlas of Chile compiled series; construction documented in the atlas methodology, section 'Compiled series: construction notes'. Compiled from the Anuario Estadístico calificados and inscritos tabulations and census occupational tables.","yes","80"
"User-curated assembly (regime-state 1935.xlsx)","Véjares, Maximiliano. 2026. Commune state-capacity dataset, Chile, 1935. Historical Atlas of Chile compiled series; construction documented in the atlas methodology, section 'Compiled series: construction notes'.","yes","2404"
"anuario_1935_crime_province.csv","Dirección General de Estadística. 1936. Anuario Estadístico de Chile, año 1935, crime statistics by province. Santiago.","yes","57"
"anuario_1935_elections_province.csv","Dirección General de Estadística. 1936. Anuario Estadístico de Chile, año 1935, elections by province. Santiago.","yes","133"
"anuario_1935_livestock_slaughter_province.csv","Dirección General de Estadística. 1936. Anuario Estadístico de Chile, año 1935, livestock slaughter by province. Santiago.","yes","114"
"anuario_1935_mining_production_province.csv","Dirección General de Estadística. 1936. Anuario Estadístico de Chile, año 1935, mining production by province. Santiago.","yes","17"
"anuario_1935_money_orders_province.csv","Dirección General de Estadística. 1936. Anuario Estadístico de Chile, año 1935, postal money orders by province. Santiago.","yes","76"
"anuario_1935_postal_province.csv","Dirección General de Estadística. 1936. Anuario Estadístico de Chile, año 1935, postal statistics by province. Santiago.","yes","38"
"anuario_1935_prison_inmates_province.csv","Dirección General de Estadística. 1936. Anuario Estadístico de Chile, año 1935, prison population by province. Santiago.","yes","55"
"anuario_1935_roads_province.csv","Dirección General de Estadística. 1936. Anuario Estadístico de Chile, año 1935, roads by province. Santiago.","yes","48"
"anuario_1935_vehicles_province.csv","Dirección General de Estadística. 1936. Anuario Estadístico de Chile, año 1935, vehicles by province. Santiago.","yes","66"
"anuario_estadistico_tomo_xv","Oficina Central de Estadística. ca. 1874. Anuario Estadístico de la República de Chile, Tomo XV. Santiago: Imprenta Nacional.","yes","54"
"summary_finances_customs.csv","Aldana, Abelardo. 1914. Resumen de la Hacienda Pública de Chile, 1833–1914, customs receipts and shipping cuadros. Santiago: Imprenta Universitaria.","yes","36"
