source_string_raw,canonical_citation,provenance_internal,notes
Braun et al. 1998. Estadísticas Históricas Chile 1810-1995 (PUC DT 187),"Braun, Juan, Matías Braun, Ignacio Briones, José Díaz, Rolf Lüders, and Gert Wagner. 1998. Economía chilena 1810–1995: estadísticas históricas. Documento de Trabajo 187, Pontificia Universidad Católica de Chile.",PUC-DT-187,"Canonical full citation; the original string compresses six authors to """"et al."""" and shortens the title"
"Véjares, Maximiliano. Department-level historical dataset (Chile, 19th c.), author's compilation.","Véjares, Maximiliano. Forthcoming. Department-level historical dataset, Chile, 19th century. Compiled from primary archival sources. Net Zero Industrial Policy Lab, Johns Hopkins University.",,Compiled-dataset citation; institution surfaced
"Véjares, *Landholding and Democracy in Chile*","Véjares, Maximiliano. Forthcoming. Landholding and Democracy in Chile. Working paper, Net Zero Industrial Policy Lab, Johns Hopkins University.",,Working-paper citation; markdown emphasis removed
Anuario Estadistico - Chile 1871.pdf,"Oficina Central de Estadística. 1872. Anuario Estadístico de la República de Chile, año 1871. Santiago: Imprenta Nacional.",anuario_1871.pdf,Filename leak; accent corrected; publisher named
Anuario Estadistico - Chile 1909.pdf,"Oficina Central de Estadística. 1910. Anuario Estadístico de la República de Chile, año 1909. Santiago: Sociedad Imprenta y Litografía Universo.",anuario_1909.pdf,Filename leak; accent corrected
Anuario Estadistico - Chile 1935.pdf,"Dirección General de Estadística. 1936. Anuario Estadístico de Chile, año 1935. Santiago.",anuario_1935.pdf,Filename leak; institution updated (DGE replaced OCE in 1929)
Anuario Estadistico - Chile 1860-1872,"Oficina Central de Estadística. 1860–1872. Anuario Estadístico de la República de Chile, Tomos I–XIII. Santiago: Imprenta Nacional. (2012 reissue: Instituto Nacional de Estadísticas.)",,Cumulative reference for the early Anuario series; note the modern reissue used for clean-text extraction
Anuario Estadístico 1860,"Oficina Central de Estadística. 1861. Anuario Estadístico de la República de Chile, año 1860 (Tomo I). Santiago: Imprenta Nacional.",,
"Anuario Estadístico de Chile, 1860 (population, province level)","Oficina Central de Estadística. 1861. Anuario Estadístico de la República de Chile, año 1860 (Tomo I), province population tables. Santiago: Imprenta Nacional.",,Section qualifier preserved in citation
"Anuario Estadístico 1860, anuario_1860_fiscal_schools_province_1853_1855.csv","Oficina Central de Estadística. 1861. Anuario Estadístico de la República de Chile, año 1860 (Tomo I), fiscal schools by province, 1853–1855. Santiago: Imprenta Nacional.",anuario_1860_fiscal_schools_province_1853_1855.csv,CSV filename leak; section/year qualifier rebuilt from filename
"Anuario Estadístico 1860, anuario_1860_private_schools_province_1853_1858.csv","Oficina Central de Estadística. 1861. Anuario Estadístico de la República de Chile, año 1860 (Tomo I), private schools by province, 1853–1858. Santiago: Imprenta Nacional.",anuario_1860_private_schools_province_1853_1858.csv,CSV filename leak
"Anuario Estadístico 1860, anuario_1860_municipal_schools_province_1853_1855.csv","Oficina Central de Estadística. 1861. Anuario Estadístico de la República de Chile, año 1860 (Tomo I), municipal schools by province, 1853–1855. Santiago: Imprenta Nacional.",anuario_1860_municipal_schools_province_1853_1855.csv,CSV filename leak
"Anuario Estadístico 1860, anuario_1860_civil_status_province_census1854.csv","Oficina Central de Estadística. 1861. Anuario Estadístico de la República de Chile, año 1860 (Tomo I), civil status by province, census of 1854. Santiago: Imprenta Nacional.",anuario_1860_civil_status_province_census1854.csv,CSV filename leak
"Anuario Estadístico de Chile, 1862","Oficina Central de Estadística. 1863. Anuario Estadístico de la República de Chile, año 1862 (Tomo III). Santiago: Imprenta Nacional.",,
"Anuario Estadístico de Chile, 1862 (Entrega Quinta)","Oficina Central de Estadística. 1863. Anuario Estadístico de la República de Chile, año 1862, Entrega Quinta. Santiago: Imprenta Nacional.",,Entrega = installment; preserved
"Anuario Estadístico, Tomo XI, 1870–1871","Oficina Central de Estadística. 1872. Anuario Estadístico de la República de Chile, Tomo XI, años 1870–1871. Santiago: Imprenta Nacional.",,
"Anuario Estadístico, Tomo XXIV","Oficina Central de Estadística. ca. 1885. Anuario Estadístico de la República de Chile, Tomo XXIV. Santiago: Imprenta Nacional.",,Approximate year; verify against the volume's title page
"Anuario Estadístico, Tomo XXVI, 1887–1888 (pub. 1892)","Oficina Central de Estadística. 1892. Anuario Estadístico de la República de Chile, Tomo XXVI, años 1887–1888. Santiago: Imprenta Nacional.",,
"Anuario Estadístico de Chile, 1872","Oficina Central de Estadística. 1873. Anuario Estadístico de la República de Chile, año 1872. Santiago: Imprenta Nacional.",,
"Anuario Estadístico de Chile, 1885 (municipal finance)","Oficina Central de Estadística. 1886. Anuario Estadístico de la República de Chile, año 1885, municipal finance section. Santiago: Imprenta Nacional.",,
"Anuario Estadístico de Chile, 1920","Oficina Central de Estadística. 1921. Anuario Estadístico de la República de Chile, año 1920. Santiago.",,
"Anuario Estadístico 1935, Tabla 36","Dirección General de Estadística. 1936. Anuario Estadístico de Chile, año 1935, Tabla 36. Santiago.",,
"Anuario Estadístico de Chile, 1935 (Tabla 8)","Dirección General de Estadística. 1936. Anuario Estadístico de Chile, año 1935, Tabla 8. Santiago.",,
Anuario Estadístico 1935 - Escuelas,"Dirección General de Estadística. 1936. Anuario Estadístico de Chile, año 1935, education section. Santiago.",,
"Sinopsis Estadística de Chile, 1875 (municipal finance)","Oficina Central de Estadística. 1875. Sinopsis Estadística de la República de Chile, año 1875, municipal finance section. Santiago: Imprenta Nacional.",,
"Sinopsis Estadística de Chile, 1895 (municipal finance)","Oficina Central de Estadística. 1895. Sinopsis Estadística de la República de Chile, año 1895, municipal finance section. Santiago: Imprenta Nacional.",,
"Sinopsis Estadística de Chile, 1907 (municipal finance)","Oficina Central de Estadística. 1907. Sinopsis Estadística de la República de Chile, año 1907, municipal finance section. Santiago: Imprenta Nacional.",,
Sinopsis Estadistica - Chile 1900.pdf,"Oficina Central de Estadística. 1900. Sinopsis Estadística de la República de Chile, año 1900. Santiago: Imprenta Nacional.",sinopsis_1900.pdf,Filename leak; accent corrected
Sinopsis Estadistica - Chile 1924-1927,"Dirección General de Estadística. 1927. Sinopsis Estadística de Chile, 1924–1927. Santiago.",,Institution updated
Sinopsis Estadistica de Chile 1924-27,"Dirección General de Estadística. 1927. Sinopsis Estadística de Chile, 1924–1927. Santiago.",,Variant of above; collapses to same canonical
"Sinopsis Estadística de Chile, 1924–1927","Dirección General de Estadística. 1927. Sinopsis Estadística de Chile, 1924–1927. Santiago.",,Variant of above
"Sinopsis Estadística de Chile, 1924–1927, p. 27","Dirección General de Estadística. 1927. Sinopsis Estadística de Chile, 1924–1927, p. 27. Santiago.",,Page-level pointer preserved
"Sinopsis Estadística de Chile, 1924–1927, p. 29","Dirección General de Estadística. 1927. Sinopsis Estadística de Chile, 1924–1927, p. 29. Santiago.",,
"Sinopsis Estadística 1924-27, p.39","Dirección General de Estadística. 1927. Sinopsis Estadística de Chile, 1924–1927, p. 39. Santiago.",,
"Sinopsis Estadística 1924-27, p.55","Dirección General de Estadística. 1927. Sinopsis Estadística de Chile, 1924–1927, p. 55. Santiago.",,
"Sinopsis Estadística 1924-27, p.32","Dirección General de Estadística. 1927. Sinopsis Estadística de Chile, 1924–1927, p. 32. Santiago.",,
Sinopsis Estadística i Jeográfica de Chile (19th c.),Oficina Central de Estadística. ca. 1858. Sinopsis Estadística i Jeográfica de la República de Chile. Santiago: Imprenta Nacional.,,"19c-orthography preserved (""""i"""" rather than """"y""""); approximate year"
Sinopsis estadistica i jeografica de Chile,Oficina Central de Estadística. ca. 1858. Sinopsis Estadística i Jeográfica de la República de Chile. Santiago: Imprenta Nacional.,,Variant of above
Memoria del Interior - Chile 1862,Ministerio del Interior. 1862. Memoria del Ministerio del Interior presentada al Congreso Nacional en 1862. Santiago: Imprenta Nacional.,,"Publication year corrected 2026-08-03 against the volume title page (PRESENTADA AL CONGRESO NACIONAL ... 1862; imprint 1862). The prior citation shifted the imprint and the año +1. The Memoria reports on the administrative year preceding its presentation, so no año is asserted."
Memoria del Interior 1862,Ministerio del Interior. 1862. Memoria del Ministerio del Interior presentada al Congreso Nacional en 1862. Santiago: Imprenta Nacional.,,"Publication year corrected 2026-08-03 against the volume title page (PRESENTADA AL CONGRESO NACIONAL ... 1862; imprint 1862). The prior citation shifted the imprint and the año +1. The Memoria reports on the administrative year preceding its presentation, so no año is asserted."
Memoria del Interior - Chile 1877,Ministerio del Interior. 1877. Memoria del Ministerio del Interior presentada al Congreso Nacional en 1877. Santiago: Imprenta Nacional.,,"Publication year corrected 2026-08-03 against the volume title page (PRESENTADA AL CONGRESO NACIONAL ... 1877; imprint 1877). The prior citation shifted the imprint and the año +1. The Memoria reports on the administrative year preceding its presentation, so no año is asserted."
Memoria del Interior - Chile 1878,Ministerio del Interior. 1878. Memoria del Ministerio del Interior presentada al Congreso Nacional en 1878. Santiago: Imprenta Nacional.,,"Publication year corrected 2026-08-03 against the volume title page (PRESENTADA AL CONGRESO NACIONAL ... 1878; imprint 1878). The prior citation shifted the imprint and the año +1. The Memoria reports on the administrative year preceding its presentation, so no año is asserted."
Memoria del Interior - Chile 1879,Ministerio del Interior. 1879. Memoria del Ministerio del Interior presentada al Congreso Nacional en 1879. Santiago: Imprenta Nacional.,,"Publication year corrected 2026-08-03 against the volume title page (PRESENTADA AL CONGRESO NACIONAL ... 1879; imprint 1879). The prior citation shifted the imprint and the año +1. The Memoria reports on the administrative year preceding its presentation, so no año is asserted."
Memoria del Interior - Chile 1883,Ministerio del Interior. 1883. Memoria del Ministerio del Interior presentada al Congreso Nacional en 1883. Santiago: Imprenta Nacional.,,"Publication year corrected 2026-08-03 against the volume title page (PRESENTADA AL CONGRESO NACIONAL ... 1883; imprint 1883). The prior citation shifted the imprint and the año +1. The Memoria reports on the administrative year preceding its presentation, so no año is asserted."
Memoria del Interior - Chile 1887,"Ministerio del Interior. 1888. Memoria del Ministerio del Interior presentada al Congreso Nacional, año 1887. Santiago.",,
Memoria del Interior - Chile 1890,"Ministerio del Interior. 1891. Memoria del Ministerio del Interior presentada al Congreso Nacional, año 1890, Tomo I. Santiago.",,Tomo I unless otherwise noted; Tomo II split below
Memoria del Interior 1890 Tomo II,"Ministerio del Interior. 1891. Memoria del Ministerio del Interior presentada al Congreso Nacional, año 1890, Tomo II. Santiago.",,
Memoria del Interior 1892 Tomo II,"Ministerio del Interior. 1893. Memoria del Ministerio del Interior presentada al Congreso Nacional, año 1892, Tomo II. Santiago.",,
Memoria de Hacienda - Chile 1856,"Ministerio de Hacienda. 1857. Memoria de Hacienda presentada al Congreso Nacional, año 1856. Santiago.",,
"Censo de la República de Chile, 1907",Oficina Central de Estadística. 1908. Censo de la República de Chile levantado el 28 de Noviembre de 1907. Santiago: Sociedad Imprenta y Litografía Universo.,,
"Censo de la República de Chile, 1930","Dirección General de Estadística. 1931. X Censo de Población de la República de Chile, 27 de noviembre de 1930. Santiago.",,
"Censo de la República de Chile, 1940","Dirección General de Estadística. 1941. XI Censo de Población de la República de Chile, 28 de noviembre de 1940. Santiago.",,
"Censo Jeneral de la República de Chile, 1865 — Clasificación por provincias","Oficina Central de Estadística. 1866. Censo Jeneral de la República de Chile, 19 de abril de 1865, clasificación por provincias. Santiago: Imprenta Nacional.",,"19c orthography """"Jeneral"""" preserved"
"Censo Jeneral de la República de Chile, 1865 — Cuadro Sinóptico","Oficina Central de Estadística. 1866. Censo Jeneral de la República de Chile, 19 de abril de 1865, Cuadro Sinóptico. Santiago: Imprenta Nacional.",,
Census - Chile 1875,"Oficina Central de Estadística. 1876. Quinto Censo Jeneral de la Población de Chile, 1875. Santiago: Imprenta Nacional.",,
Censo Jeneral 1875 (MC0043456),"Oficina Central de Estadística. 1876. Quinto Censo Jeneral de la Población de Chile, 1875. Santiago: Imprenta Nacional.",MemoriaChilena:MC0043456,Archive accession code moved to provenance
Censo 1920 (MC0043126),"Oficina Central de Estadística. 1925. X Censo de la Población de la República de Chile, 15 de diciembre de 1920. Santiago.",MemoriaChilena:MC0043126,Archive accession code moved to provenance
Censo 1920 (Memoria Chilena),"Oficina Central de Estadística. 1925. X Censo de la Población de la República de Chile, 15 de diciembre de 1920. Santiago.",MemoriaChilena,Archive pointer moved to provenance
Censo 1952 (Memoria Chilena),"Servicio Nacional de Estadística y Censos. 1953. XII Censo General de Población y I de Vivienda de la República de Chile, 24 de abril de 1952. Santiago.",MemoriaChilena,Archive pointer moved to provenance
"Censo Electoral de la República de Chile, 1915","Dirección del Rejistro Electoral. 1915. Censo Electoral de la República de Chile, 1915. Santiago.",,
"Instituto Nacional de Estadísticas, Censo de Población 1960","Instituto Nacional de Estadísticas. 1963. XIII Censo Nacional de Población y II de Vivienda, 29 de noviembre de 1960. Santiago: INE.",,
"Instituto Nacional de Estadísticas, censos de población",Instituto Nacional de Estadísticas. Multiple years. Censos Nacionales de Población. Santiago: INE.,,Multi-year reference; use only when no specific year is identifiable
Datos Mamalakis 1,"Mamalakis, Markos. 1980. Historical Statistics of Chile, Volume 2: Demography and Labor Force. Westport, CT: Greenwood Press.",,"Cryptic shorthand; canonical full citation; """"Vol 1"""" was an internal sequencing label", not a real volume number
Datos Mamalakis,"Mamalakis, Markos. 1980. Historical Statistics of Chile, Volume 2: Demography and Labor Force. Westport, CT: Greenwood Press.",,Cryptic shorthand; canonical full citation
Mamalakis 1980 Vol 2 Regional Distribution,"Mamalakis, Markos. 1980. Historical Statistics of Chile, Volume 2: Demography and Labor Force, regional distribution tables. Westport, CT: Greenwood Press.",,Section qualifier preserved
"Mamalakis (1980), Volume 2, Table 17.2, INE","Mamalakis, Markos. 1980. Historical Statistics of Chile, Volume 2: Demography and Labor Force, Table 17.2 (INE source). Westport, CT: Greenwood Press.",,Table and underlying-source attribution preserved
"Mamalakis Vol 2, Table 2.1 (DEC/INE)","Mamalakis, Markos. 1980. Historical Statistics of Chile, Volume 2: Demography and Labor Force, Table 2.1 (DEC/INE source). Westport, CT: Greenwood Press.",,
"Mamalakis Vol 2, Table 12.1 (Sergio De Castro 1979)","Mamalakis, Markos. 1980. Historical Statistics of Chile, Volume 2: Demography and Labor Force, Table 12.1 (compiled from De Castro 1979). Westport, CT: Greenwood Press.",,
"Mamalakis, Markos. 1980. Historical Statistics Vol 2 Population","Mamalakis, Markos. 1980. Historical Statistics of Chile, Volume 2: Demography and Labor Force, population tables. Westport, CT: Greenwood Press.",,
Aldana 1914. Resumen de la Hacienda Pública de Chile 1833-1914,"Aldana, Abelardo. 1914. Resumen de la Hacienda Pública de Chile, 1833–1914. Santiago: Imprenta Universitaria.",,
Aldana 1914 Resumen Hacienda Publica Chile 1833-1914,"Aldana, Abelardo. 1914. Resumen de la Hacienda Pública de Chile, 1833–1914. Santiago: Imprenta Universitaria.",,Variant of above
"Aldana, Abelardo. 1914. Resumen Hacienda Publica Chile 1833-1914","Aldana, Abelardo. 1914. Resumen de la Hacienda Pública de Chile, 1833–1914. Santiago: Imprenta Universitaria.",,Variant of above
"Catastro de Avalúos de la República de Chile, 1874","Ministerio de Hacienda. 1875. Catastro de Avalúos de la República de Chile, 1874. Santiago.",,
"Rol de Avalúos de la República de Chile, 1874 (departmental)","Ministerio de Hacienda. 1875. Rol de Avalúos de la República de Chile, 1874, departmental returns. Santiago.",,
Rol de Contribuyentes 1875,"Ministerio de Hacienda. 1876. Rol de Contribuyentes de la República de Chile, 1875. Santiago.",,
"Boletín de la Sociedad Nacional de Agricultura, 1874, Volume VI","Sociedad Nacional de Agricultura. 1874. Boletín de la Sociedad Nacional de Agricultura, Volume VI. Santiago.",,
"Bauer (1975), Chilean Rural Society","Bauer, Arnold J. 1975. Chilean Rural Society from the Spanish Conquest to 1930. Cambridge: Cambridge University Press.",,
"Urzúa Valenzuela (1992), Historia política de Chile","Urzúa Valenzuela, Germán. 1992. Historia política de Chile y su evolución electoral (desde 1810 a 1992). Santiago: Editorial Jurídica de Chile.",,
"Bardón et al. (1985), Una década de cambios económicos: la experiencia chilena 1973-1983","Bardón Muñoz, Álvaro, Camilo Carrasco Alfonso, and Álvaro Vial Ruiz-Tagle. 1985. Una década de cambios económicos: la experiencia chilena, 1973–1983. Santiago: Editorial Andrés Bello.",,
"Universidad de Chile, Instituto de Economía, La economía de Chile en el período 1950-1963, Tomo 2 (1963)","Universidad de Chile, Instituto de Economía. 1963. La economía de Chile en el período 1950–1963, Tomo 2. Santiago: Universidad de Chile.",,
"ODEPLAN, Balances económicos de Chile 1960-1970 (1973)","Oficina de Planificación Nacional (ODEPLAN). 1973. Balances económicos de Chile, 1960–1970. Santiago: ODEPLAN.",,
"Ffrench-Davis (2001), Entre el neoliberalismo y el crecimiento con equidad (CIEPLAN)","Ffrench-Davis, Ricardo. 2001. Entre el neoliberalismo y el crecimiento con equidad: tres décadas de política económica en Chile. Santiago: CIEPLAN / Dolmen Ediciones.",,
Presupuesto de la República de Chile,"Ministerio de Hacienda. Multiple years. Presupuesto de la Nación, República de Chile. Santiago.",,Multi-year reference; consider replacing with specific year where identifiable
"Biblioteca del Congreso Nacional, Legislators Database (1833–1891)","Biblioteca del Congreso Nacional de Chile. Reseñas Biográficas Parlamentarias, 1833–1891. Santiago: BCN. [database].",,
"Biblioteca del Congreso Nacional, Legislators Database",Biblioteca del Congreso Nacional de Chile. Reseñas Biográficas Parlamentarias. Santiago: BCN. [database].,,
"Empleados publicos; Censo 1920, organizado por tema; http://www.bibliotecanacionaldigital.gob.cl/visor/BND:82449","Oficina Central de Estadística. 1925. X Censo de la Población de la República de Chile, 15 de diciembre de 1920, public employees by theme. Santiago.",BND:82449,URL and topic descriptor moved to provenance; canonical citation derived
Población rural; en %,"Oficina Central de Estadística. 1925. X Censo de la Población de la República de Chile, 15 de diciembre de 1920, urbano-rural department tables. Santiago.",attribution_recovered=inferred,Inferred from the 81 affected rows (variable=ruralpop_pct, year=1920 only, department scale). The 1920 Census urbano-rural department tables are the canonical primary source for this variable at this year and scale. The original source_table column was empty so the attribution is reconstructed by inference; verify against the underlying ingestion if higher precision is needed.
summary_finances_customs.csv,"Aldana, Abelardo. 1914. Resumen de la Hacienda Pública de Chile, 1833–1914, customs receipts and shipping cuadros. Santiago: Imprenta Universitaria.",attribution_recovered=inferred;original_file=summary_finances_customs.csv,Inferred from the 231 affected rows (years 1835–1914 ending exactly at the Aldana compilation's endpoint; variables include customs_receipts_pesos, tonnage_entered/cleared, vessels_entered/cleared at national and port scale). The year range and the variable set match Aldana 1914's customs and shipping cuadros directly. The underlying Memoria de Hacienda volumes are the primary sources Aldana compiled from; for a specific year's primary attribution consult the corresponding Memoria.
"Anuario Estadístico de Chile, 1860 (civil status, 1854 census)","Oficina Central de Estadística. 1861. Anuario Estadístico de la República de Chile, año 1860 (Tomo I), civil status by province, census of 1854. Santiago: Imprenta Nacional.",,Variant string for the same 1860 Anuario civil-status section
"Anuario Estadístico de Chile, 1860 (fiscal schools, province level)","Oficina Central de Estadística. 1861. Anuario Estadístico de la República de Chile, año 1860 (Tomo I), fiscal schools by province, 1853–1855. Santiago: Imprenta Nacional.",,Variant for fiscal-schools section
"Anuario Estadístico de Chile, 1860 (municipal schools, province level)","Oficina Central de Estadística. 1861. Anuario Estadístico de la República de Chile, año 1860 (Tomo I), municipal schools by province, 1853–1855. Santiago: Imprenta Nacional.",,Variant for municipal-schools section
"Anuario Estadístico de Chile, 1860 (private schools, province level)","Oficina Central de Estadística. 1861. Anuario Estadístico de la República de Chile, año 1860 (Tomo I), private schools by province, 1853–1858. Santiago: Imprenta Nacional.",,Variant for private-schools section
"Anuario Estadístico de Chile, 1871","Oficina Central de Estadística. 1872. Anuario Estadístico de la República de Chile, año 1871. Santiago: Imprenta Nacional.",,Clean variant of the 1871 Anuario citation
"Anuario Estadístico de Chile, 1881 (enfranchisement)","Oficina Central de Estadística. 1882. Anuario Estadístico de la República de Chile, año 1881, enfranchisement section. Santiago: Imprenta Nacional.",,
"Anuario Estadístico de Chile, 1909","Oficina Central de Estadística. 1910. Anuario Estadístico de la República de Chile, año 1909. Santiago: Sociedad Imprenta y Litografía Universo.",,Clean variant of 1909 Anuario citation
"Anuario Estadístico de Chile, 1917 (enfranchisement)","Dirección General de Estadística. 1918. Anuario Estadístico de la República de Chile, año 1917, enfranchisement section. Santiago.",,
"Anuario Estadístico de Chile, 1935","Dirección General de Estadística. 1936. Anuario Estadístico de Chile, año 1935. Santiago.",,Clean variant of 1935 Anuario citation
"Anuario Estadístico de Chile, 1935 (vital statistics, province level)","Dirección General de Estadística. 1936. Anuario Estadístico de Chile, año 1935, vital statistics by province. Santiago.",,
Censo 1920,"Oficina Central de Estadística. 1925. X Censo de la Población de la República de Chile, 15 de diciembre de 1920. Santiago.",,Variant of 1920 Census citation
Censo Jeneral 1875,"Oficina Central de Estadística. 1876. Quinto Censo Jeneral de la Población de Chile, 1875. Santiago: Imprenta Nacional.",,Variant of 1875 Census citation
"Mamalakis, Markos. 1980. Historical Statistics of Chile, Vol. 2","Mamalakis, Markos. 1980. Historical Statistics of Chile, Volume 2: Demography and Labor Force. Westport, CT: Greenwood Press.",,Variant; full volume subtitle added
Resumen Hacienda Publica 1899 p.60,"Aldana, Abelardo. 1914. Resumen de la Hacienda Pública de Chile, 1833–1914, p. 60. Santiago: Imprenta Universitaria.",,Aldana citation with page pointer; note the year-1899 reference is to a cell in the source not the source's own date
"Sinopsis Estadística de Chile, 1900","Oficina Central de Estadística. 1900. Sinopsis Estadística de la República de Chile, año 1900. Santiago: Imprenta Nacional.",,Clean variant
"Véjares, Department-level historical dataset (Chile, 19th c.), author's compilation","Véjares, Maximiliano. Forthcoming. Department-level historical dataset, Chile, 19th century. Compiled from primary archival sources. Net Zero Industrial Policy Lab, Johns Hopkins University.",,Variant of Véjares dataset citation
"Véjares, compiled fiscal and customs series (Chile, 19th c.), author's compilation","Véjares, Maximiliano. Forthcoming. Compiled fiscal and customs series, Chile, 19th century. Net Zero Industrial Policy Lab, Johns Hopkins University.",,Scoped variant
"Véjares, compiled historical dataset (Chile, pre-1973, multi-source), author's compilation","Véjares, Maximiliano. Forthcoming. Compiled historical dataset, Chile, pre-1973, multi-source. Net Zero Industrial Policy Lab, Johns Hopkins University.",,Scoped variant
"Véjares, compiled public-employment series (Chile), author's compilation","Véjares, Maximiliano. 2026. Public-employment series, Chile, census years 1865 to 1920. Historical Atlas of Chile compiled series; construction documented in the atlas methodology, section 'Compiled series: construction notes'. Compiled from the census occupational tables, 1865 to 1920.",,Scoped variant
"Véjares, compiled state-capacity dataset (Chile, 1935), author's compilation","Véjares, Maximiliano. 2026. Commune state-capacity dataset, Chile, 1935. Historical Atlas of Chile compiled series; construction documented in the atlas methodology, section 'Compiled series: construction notes'.",,Scoped variant
"Anuario Estadístico de Chile, 1935 (postal traffic, province level)","Dirección General de Estadística. 1936. Anuario Estadístico de Chile, año 1935, postal traffic by province. Santiago.",,Build-artefact filename resolved to the Anuario section the rows were extracted from. Without this the source line drops to nothing and step 05 hands the indicator a family sibling's citation.
"Anuario Estadístico de Chile, 1935 (money orders, province level)","Dirección General de Estadística. 1936. Anuario Estadístico de Chile, año 1935, money orders by province. Santiago.",,Build-artefact filename resolved to the Anuario section the rows were extracted from. Without this the source line drops to nothing and step 05 hands the indicator a family sibling's citation.
"Anuario Estadístico de Chile, 1935 (vehicles, province level)","Dirección General de Estadística. 1936. Anuario Estadístico de Chile, año 1935, registered vehicles by province. Santiago.",,Build-artefact filename resolved to the Anuario section the rows were extracted from. Without this the source line drops to nothing and step 05 hands the indicator a family sibling's citation.
"Anuario Estadístico de Chile, 1935 (crime, province level)","Dirección General de Estadística. 1936. Anuario Estadístico de Chile, año 1935, arrests by province. Santiago.",,Build-artefact filename resolved to the Anuario section the rows were extracted from. Without this the source line drops to nothing and step 05 hands the indicator a family sibling's citation.
"Anuario Estadístico de Chile, 1935 (prisons, province level)","Dirección General de Estadística. 1936. Anuario Estadístico de Chile, año 1935, prison admissions by province. Santiago.",,Build-artefact filename resolved to the Anuario section the rows were extracted from. Without this the source line drops to nothing and step 05 hands the indicator a family sibling's citation.
"Anuario Estadístico de Chile, 1935 (roads, province level)","Dirección General de Estadística. 1936. Anuario Estadístico de Chile, año 1935, road length by province. Santiago.",,Build-artefact filename resolved to the Anuario section the rows were extracted from. Without this the source line drops to nothing and step 05 hands the indicator a family sibling's citation.
"Anuario Estadístico de Chile, 1935 (mining production, province level)","Dirección General de Estadística. 1936. Anuario Estadístico de Chile, año 1935, value of mining production by province. Santiago.",,Build-artefact filename resolved to the Anuario section the rows were extracted from. Without this the source line drops to nothing and step 05 hands the indicator a family sibling's citation.
"Anuario Estadístico de Chile, 1935 (wheat, province level)","Dirección General de Estadística. 1936. Anuario Estadístico de Chile, año 1935, wheat sown and harvested by province. Santiago.",,Build-artefact filename resolved to the Anuario section the rows were extracted from. Without this the source line drops to nothing and step 05 hands the indicator a family sibling's citation.
"Anuario Estadístico de Chile, 1935 (hospitals, province level)","Dirección General de Estadística. 1936. Anuario Estadístico de Chile, año 1935, hospital movement by province. Santiago.",,Build-artefact filename resolved to the Anuario section the rows were extracted from. Without this the source line drops to nothing and step 05 hands the indicator a family sibling's citation.
"Anuario Estadístico de Chile, 1935 (livestock, province level)","Dirección General de Estadística. 1936. Anuario Estadístico de Chile, año 1935, livestock slaughtered by province. Santiago.",,Build-artefact filename resolved to the Anuario section the rows were extracted from. Without this the source line drops to nothing and step 05 hands the indicator a family sibling's citation.
"Anuario Estadístico de Chile, 1935 (elections, province level)","Dirección General de Estadística. 1936. Anuario Estadístico de Chile, año 1935, electoral registration and turnout by province. Santiago.",,Build-artefact filename resolved to the Anuario section the rows were extracted from. Without this the source line drops to nothing and step 05 hands the indicator a family sibling's citation.
"Memoria del Ministerio del Interior, 1844",Ministerio del Interior. 1844. Memoria del Ministerio del Interior presentada al Congreso Nacional en 1844. Santiago: Imprenta del Estado.,,"Filename leak resolved. Imprint year read off the title page; the source PDF is a bound run 1840-1846, and the municipal-revenue cuadro this backs prints ''el presupuesto del presente año de 1844'', so it is the 1844 Memoria."
"Memoria del Ministerio del Interior, 1875",Ministerio del Interior. 1875. Memoria del Ministerio del Interior presentada al Congreso Nacional en 1875. Santiago: Imprenta Nacional.,,"Filename leak resolved; imprint year read off the title page (PRESENTADA AL CONGRESO NACIONAL ... EN 1875, Imprenta Nacional, 1875)."
Anuario Estadistico - Chile 1917 Vol III,"Oficina Central de Estadística. 1918. Anuario Estadístico de la República de Chile, año 1917, Vol. III. Santiago: Imprenta Nacional.",,"Second-audit citation coverage pass, 2026-08-18"
Anuario Estadistico Chile 1917 Vol III,"Oficina Central de Estadística. 1918. Anuario Estadístico de la República de Chile, año 1917, Vol. III. Santiago: Imprenta Nacional.",,"Second-audit citation coverage pass, 2026-08-18"
Anuario Estadistico Vol III Politica y Administracion 1918,"Oficina Central de Estadística. 1919. Anuario Estadístico de la República de Chile, año 1918, Vol. III: Política y Administración. Santiago: Imprenta Nacional.",,"Second-audit citation coverage pass, 2026-08-18"
Anuario Estadistico Vol III Politica y Administracion 1921,"Oficina Central de Estadística. 1922. Anuario Estadístico de la República de Chile, año 1921, Vol. III: Política y Administración. Santiago: Imprenta Nacional.",,"Second-audit citation coverage pass, 2026-08-18"
Anuario Estadistico de Chile 1928 (Yumpu 56511060),"Dirección General de Estadística. 1929. Anuario Estadístico de Chile, año 1928. Santiago.",,"Second-audit citation coverage pass, 2026-08-18"
"Anuario Estadistico de la Republica de Chile, Ano 1928 (Direccion General de Estadistica)","Dirección General de Estadística. 1929. Anuario Estadístico de Chile, año 1928. Santiago.",,"Second-audit citation coverage pass, 2026-08-18"
Anuario Estadistico de Chile 1936 (Yumpu 56511081),"Dirección General de Estadística. 1937. Anuario Estadístico de Chile, año 1936. Santiago.",,"Second-audit citation coverage pass, 2026-08-18"
Anuario Estadistico de la Republica de Chile 1879-1880 (Yumpu 56511022),"Oficina Central de Estadística. ca. 1881. Anuario Estadístico de la República de Chile, entrega correspondiente a 1879–1880. Santiago: Imprenta Nacional.",,"Second-audit citation coverage pass, 2026-08-18"
"Anuario Estadistico de la Republica de Chile, entrega 1879-1880 (Yumpu 56511022)","Oficina Central de Estadística. ca. 1881. Anuario Estadístico de la República de Chile, entrega correspondiente a 1879–1880. Santiago: Imprenta Nacional.",,"Second-audit citation coverage pass, 2026-08-18"
Anuario Estadistico de la Republica de Chile 1890-1891-1892 (Yumpu 56511021),"Oficina Central de Estadística. ca. 1893. Anuario Estadístico de la República de Chile, años 1890–1892. Santiago: Imprenta Nacional.",,"Second-audit citation coverage pass, 2026-08-18"
Anuario Estadistico de la Republica de Chile 1925 (Yumpu 56511059),"Dirección General de Estadística. 1926. Anuario Estadístico de Chile, año 1925. Santiago.",,"Second-audit citation coverage pass, 2026-08-18"
Anuario Estadistico de la Republica de Chile 1926 (Yumpu 56511049),"Dirección General de Estadística. 1927. Anuario Estadístico de Chile, año 1926. Santiago.",,"Second-audit citation coverage pass, 2026-08-18"
"Anuario Estadistico de la Republica de Chile, Ano 1926, Vol. I Demografia (Direccion General de Estadistica)","Dirección General de Estadística. 1927. Anuario Estadístico de Chile, año 1926, Vol. I: Demografía. Santiago.",,"Second-audit citation coverage pass, 2026-08-18"
Anuario Estadistico de la Republica de Chile 1931-1935 (Yumpu 56511070),"Dirección General de Estadística. 1936. Anuario Estadístico de Chile, años 1931–1935. Santiago.",,"Second-audit citation coverage pass, 2026-08-18"
Anuario Estadistico de la Republica de Chile 1945 (Yumpu 56511087),"Dirección General de Estadística. 1946. Anuario Estadístico de Chile, año 1945. Santiago.",,"Second-audit citation coverage pass, 2026-08-18"
Anuario Estadistico de la Republica de Chile 1948 (Yumpu 56511094),"Dirección General de Estadística. 1949. Anuario Estadístico de Chile, año 1948. Santiago.",,"Second-audit citation coverage pass, 2026-08-18"
"Anuario Estadistico de la Republica de Chile, Ano 1913, Vol. V Instruccion","Oficina Central de Estadística. 1914. Anuario Estadístico de la República de Chile, año 1913, Vol. V: Instrucción. Santiago: Imprenta Nacional.",,"Second-audit citation coverage pass, 2026-08-18"
"Anuario Estadistico de la Republica de Chile, Ano 1914, Vol. V Instruccion","Oficina Central de Estadística. 1915. Anuario Estadístico de la República de Chile, año 1914, Vol. V: Instrucción. Santiago: Imprenta Nacional.",,"Second-audit citation coverage pass, 2026-08-18"
"Anuario Estadistico de la Republica de Chile, Ano 1914, Vol. VII Mineria y Metalurgia","Oficina Central de Estadística. 1915. Anuario Estadístico de la República de Chile, año 1914, Vol. VII: Minería y Metalurgia. Santiago: Imprenta Nacional.",,"Second-audit citation coverage pass, 2026-08-18"
"Anuario Estadistico de la Republica de Chile, entrega 1876-1877 (Yumpu 56511011)","Oficina Central de Estadística. ca. 1878. Anuario Estadístico de la República de Chile, entrega correspondiente a 1876–1877. Santiago: Imprenta Nacional.",,"Second-audit citation coverage pass, 2026-08-18"
"Anuario Estadistico de la Republica de Chile, entrega 1877-1878 (Yumpu 56511013)","Oficina Central de Estadística. ca. 1879. Anuario Estadístico de la República de Chile, entrega correspondiente a 1877–1878. Santiago: Imprenta Nacional.",,"Second-audit citation coverage pass, 2026-08-18"
"Anuario Estadistico de la Republica de Chile, entrega 1877-1878 (Yumpu 56511018)","Oficina Central de Estadística. ca. 1879. Anuario Estadístico de la República de Chile, entrega correspondiente a 1877–1878. Santiago: Imprenta Nacional.",,"Second-audit citation coverage pass, 2026-08-18"
"Anuario Estadistico de la Republica de Chile, entrega 1878-1879 (Yumpu 56511018)","Oficina Central de Estadística. ca. 1880. Anuario Estadístico de la República de Chile, entrega correspondiente a 1878–1879. Santiago: Imprenta Nacional.",,"Second-audit citation coverage pass, 2026-08-18"
Anuario Estadístico 1935,"Dirección General de Estadística. 1936. Anuario Estadístico de Chile, año 1935. Santiago.",,"Second-audit citation coverage pass, 2026-08-18"
Estadistica Anual de la Republica de Chile 1926/1927 (Direccion General de Estadistica),"Dirección General de Estadística. ca. 1928. Estadística Anual de la República de Chile, años 1926–1927. Santiago.",,"Second-audit citation coverage pass, 2026-08-18"
Censo 1952 Tomo 1 - Resumen del Pais (Servicio Nacional de Estadistica y Censos),"Servicio Nacional de Estadística y Censos. ca. 1956. XII Censo General de Población y I de Vivienda, 24 de abril de 1952, Tomo I: Resumen del País. Santiago.",,"Second-audit citation coverage pass, 2026-08-18"
Censo 1970 CIREN folleto CAUTIN (Características Básicas de la Población),"Instituto Nacional de Estadísticas. ca. 1973. XIV Censo Nacional de Población y III de Vivienda, abril de 1970: Características Básicas de la Población, folleto Cautín. Santiago: INE.",,"Second-audit citation coverage pass, 2026-08-18"
Censo 1970 CIREN folleto COLCHAGUA (Características Básicas de la Población),"Instituto Nacional de Estadísticas. ca. 1973. XIV Censo Nacional de Población y III de Vivienda, abril de 1970: Características Básicas de la Población, folleto Colchagua. Santiago: INE.",,"Second-audit citation coverage pass, 2026-08-18"
Censo 1970 CIREN folleto CURICO (Características Básicas de la Población),"Instituto Nacional de Estadísticas. ca. 1973. XIV Censo Nacional de Población y III de Vivienda, abril de 1970: Características Básicas de la Población, folleto Curicó. Santiago: INE.",,"Second-audit citation coverage pass, 2026-08-18"
Censo 1970 CIREN folleto OHIGGINS (Características Básicas de la Población),"Instituto Nacional de Estadísticas. ca. 1973. XIV Censo Nacional de Población y III de Vivienda, abril de 1970: Características Básicas de la Población, folleto O'Higgins. Santiago: INE.",,"Second-audit citation coverage pass, 2026-08-18"
Censo 1970 CIREN folleto SANTIAGO (Características Básicas de la Población),"Instituto Nacional de Estadísticas. ca. 1973. XIV Censo Nacional de Población y III de Vivienda, abril de 1970: Características Básicas de la Población, folleto Santiago. Santiago: INE.",,"Second-audit citation coverage pass, 2026-08-18"
Censo 1970 CIREN folleto TALCA (Características Básicas de la Población),"Instituto Nacional de Estadísticas. ca. 1973. XIV Censo Nacional de Población y III de Vivienda, abril de 1970: Características Básicas de la Población, folleto Talca. Santiago: INE.",,"Second-audit citation coverage pass, 2026-08-18"
Censo 1970 CIREN folleto VALPARAISO (Características Básicas de la Población),"Instituto Nacional de Estadísticas. ca. 1973. XIV Censo Nacional de Población y III de Vivienda, abril de 1970: Características Básicas de la Población, folleto Valparaíso. Santiago: INE.",,"Second-audit citation coverage pass, 2026-08-18"
"Censo 1992 (INE, Ciudades Pueblos y Aldeas, born-digital)","Instituto Nacional de Estadísticas. 1995. Censo de Población y Vivienda 1992: Ciudades, Pueblos y Aldeas. Santiago: INE.",,"Second-audit citation coverage pass, 2026-08-18"
"Censo 1992 (INE, born-digital volumen)",Instituto Nacional de Estadísticas. 1993. Censo de Población y Vivienda 1992: Resultados Generales. Santiago: INE.,,"Second-audit citation coverage pass, 2026-08-18"
"Censo Jeneral de la Poblacion de Chile 1875 (Quinto Censo, Oficina Central de Estadistica, 1876)","Oficina Central de Estadística. 1876. Quinto Censo Jeneral de la Población de Chile, 1875. Santiago: Imprenta Nacional.",,"Second-audit citation coverage pass, 2026-08-18"
"Censo de la Republica de Chile levantado el 28 de Noviembre de 1907 (Comision Central del Censo, 1908)",Oficina Central de Estadística. 1908. Censo de la República de Chile levantado el 28 de Noviembre de 1907. Santiago: Sociedad Imprenta y Litografía Universo.,,"Second-audit citation coverage pass, 2026-08-18"
Census - Chile 1930 VERIFIED,"Dirección General de Estadística. 1931. X Censo de Población de la República de Chile, 27 de noviembre de 1930. Santiago.",,"Second-audit citation coverage pass, 2026-08-18"
Humud - Politica economica en Chile 1830-1930,"Humud, Carlos. 1969. La Política Económica de Chile entre 1830 y 1930. Universidad de Chile.",,"Second-audit citation coverage pass, 2026-08-18"
"Lei de Presupuestos 1890, Ministerio del Interior","República de Chile. 1890. Lei de Presupuestos de los Gastos Jenerales de la Administración Pública para el año 1890, Ministerio del Interior. Santiago: Imprenta Nacional.",,"Second-audit citation coverage pass, 2026-08-18"
"Lei de Presupuestos 1891, Ministerio de Justicia, Culto e Instruccion Publica","República de Chile. 1891. Lei de Presupuestos de los Gastos Jenerales de la Administración Pública para el año 1891, Ministerio de Justicia, Culto e Instrucción Pública. Santiago: Imprenta Nacional.",,"Second-audit citation coverage pass, 2026-08-18"
"Lei de Presupuestos 1892, Ministerio del Interior","República de Chile. 1892. Lei de Presupuestos de los Gastos Jenerales de la Administración Pública para el año 1892, Ministerio del Interior. Santiago: Imprenta Nacional.",,"Second-audit citation coverage pass, 2026-08-18"
"Lei de Presupuestos 1893, Ministerio del Interior","República de Chile. 1893. Lei de Presupuestos de los Gastos Jenerales de la Administración Pública para el año 1893, Ministerio del Interior. Santiago: Imprenta Nacional.",,"Second-audit citation coverage pass, 2026-08-18"
"Lei de Presupuestos 1894, Ministerio de Justicia e Instruccion Publica, Seccion de Justicia","República de Chile. 1894. Lei de Presupuestos de los Gastos Jenerales de la Administración Pública para el año 1894, Ministerio de Justicia e Instrucción Pública, Sección de Justicia. Santiago: Imprenta Nacional.",,"Second-audit citation coverage pass, 2026-08-18"
"Lei de Presupuestos 1894, Ministerio del Interior","República de Chile. 1894. Lei de Presupuestos de los Gastos Jenerales de la Administración Pública para el año 1894, Ministerio del Interior. Santiago: Imprenta Nacional.",,"Second-audit citation coverage pass, 2026-08-18"
"Lei de Presupuestos 1895, Ministerio de Justicia, Culto e Instruccion Publica","República de Chile. 1895. Lei de Presupuestos de los Gastos Jenerales de la Administración Pública para el año 1895, Ministerio de Justicia, Culto e Instrucción Pública. Santiago: Imprenta Nacional.",,"Second-audit citation coverage pass, 2026-08-18"
"Lei de Presupuestos 1895, Ministerio del Interior","República de Chile. 1895. Lei de Presupuestos de los Gastos Jenerales de la Administración Pública para el año 1895, Ministerio del Interior. Santiago: Imprenta Nacional.",,"Second-audit citation coverage pass, 2026-08-18"
"Lei de Presupuestos 1896, Ministerio de Justicia, Culto e Instruccion Publica","República de Chile. 1896. Lei de Presupuestos de los Gastos Jenerales de la Administración Pública para el año 1896, Ministerio de Justicia, Culto e Instrucción Pública. Santiago: Imprenta Nacional.",,"Second-audit citation coverage pass, 2026-08-18"
Mamalakis 1980 Historical Statistics Vol 2,"Mamalakis, Markos. 1980. Historical Statistics of Chile, Volume 2: Demography and Labor Force. Westport, CT: Greenwood Press.",,"Second-audit citation coverage pass, 2026-08-18"
Mamalakis 1980 Vol 2 Ch 16 Regional Distribution,"Mamalakis, Markos. 1980. Historical Statistics of Chile, Volume 2: Demography and Labor Force, regional distribution tables. Westport, CT: Greenwood Press.",,"Second-audit citation coverage pass, 2026-08-18"
Mamalakis 1980 Vol 2 Migration,"Mamalakis, Markos. 1980. Historical Statistics of Chile, Volume 2: Demography and Labor Force, migration tables. Westport, CT: Greenwood Press.",,"Second-audit citation coverage pass, 2026-08-18"
"Mamalakis Vol 2, Table 1.1 (DEC/INE/ODEPLAN)","Mamalakis, Markos. 1980. Historical Statistics of Chile, Volume 2: Demography and Labor Force, Table 1.1 (DEC/INE/ODEPLAN source). Westport, CT: Greenwood Press.",,"Second-audit citation coverage pass, 2026-08-18"
"Mamalakis Vol 2, Table 1.2 (INE)","Mamalakis, Markos. 1980. Historical Statistics of Chile, Volume 2: Demography and Labor Force, Table 1.2 (INE source). Westport, CT: Greenwood Press.",,"Second-audit citation coverage pass, 2026-08-18"
"Mamalakis Vol 2, Table 10.1 (Census 1952, corrected)","Mamalakis, Markos. 1980. Historical Statistics of Chile, Volume 2: Demography and Labor Force, Table 10.1 (1952 census, corrected). Westport, CT: Greenwood Press.",,"Second-audit citation coverage pass, 2026-08-18"
Memoria Interior,Ministerio del Interior. Multiple years. Memoria del Ministerio del Interior presentada al Congreso Nacional. Santiago.,,"Second-audit citation coverage pass, 2026-08-18"
Memoria de Hacienda - Chile 1857,"Ministerio de Hacienda. 1858. Memoria de Hacienda presentada al Congreso Nacional, año 1857. Santiago.",,"Second-audit citation coverage pass, 2026-08-18"
Memoria de Hacienda - Chile 1858,"Ministerio de Hacienda. 1859. Memoria de Hacienda presentada al Congreso Nacional, año 1858. Santiago.",,"Second-audit citation coverage pass, 2026-08-18"
Memoria de Hacienda - Chile 1860,"Ministerio de Hacienda. 1861. Memoria de Hacienda presentada al Congreso Nacional, año 1860. Santiago.",,"Second-audit citation coverage pass, 2026-08-18"
Memoria de Hacienda - Chile 1861,"Ministerio de Hacienda. 1862. Memoria de Hacienda presentada al Congreso Nacional, año 1861. Santiago.",,"Second-audit citation coverage pass, 2026-08-18"
Memoria de Hacienda - Chile 1876,"Ministerio de Hacienda. 1877. Memoria de Hacienda presentada al Congreso Nacional, año 1876. Santiago.",,"Second-audit citation coverage pass, 2026-08-18"
Memoria de Hacienda - Chile 1882,"Ministerio de Hacienda. 1883. Memoria de Hacienda presentada al Congreso Nacional, año 1882. Santiago.",,"Second-audit citation coverage pass, 2026-08-18"
Memoria de Hacienda - Chile 1883,"Ministerio de Hacienda. 1884. Memoria de Hacienda presentada al Congreso Nacional, año 1883. Santiago.",,"Second-audit citation coverage pass, 2026-08-18"
Memoria de Hacienda - Chile 1885,"Ministerio de Hacienda. 1886. Memoria de Hacienda presentada al Congreso Nacional, año 1885. Santiago.",,"Second-audit citation coverage pass, 2026-08-18"
Memoria de Hacienda - Chile 1888,"Ministerio de Hacienda. 1889. Memoria de Hacienda presentada al Congreso Nacional, año 1888. Santiago.",,"Second-audit citation coverage pass, 2026-08-18"
Memoria de Hacienda - Chile 1889,"Ministerio de Hacienda. 1890. Memoria de Hacienda presentada al Congreso Nacional, año 1889. Santiago.",,"Second-audit citation coverage pass, 2026-08-18"
Memoria de Hacienda - Chile 1890,"Ministerio de Hacienda. 1891. Memoria de Hacienda presentada al Congreso Nacional, año 1890. Santiago.",,"Second-audit citation coverage pass, 2026-08-18"
Memoria del Interior 1893 Tomo I,"Ministerio del Interior. 1893. Memoria del Ministerio del Interior presentada al Congreso Nacional en 1893, Tomo I. Santiago.",,"Second-audit citation coverage pass, 2026-08-18"
Memoria del Interior 1893 Tomo III,"Ministerio del Interior. 1893. Memoria del Ministerio del Interior presentada al Congreso Nacional en 1893, Tomo III. Santiago.",,"Second-audit citation coverage pass, 2026-08-18"
Memoria del Interior 1895,Ministerio del Interior. 1895. Memoria del Ministerio del Interior presentada al Congreso Nacional en 1895. Santiago.,,"Second-audit citation coverage pass, 2026-08-18"
"Memoria del Ministerio de Hacienda 1861, 1870, 1876, 1880, and 1889 (cuadros comparativos de las entradas ordinarias), and Oficina Central de Estadistica, Anuario Estadistico de la Republica de Chile 1860 (entradas fiscales por ramos, 1846-1852). Santiago: Imprenta Nacional. Per-ramo levels transcribed and reconciled to each cuadro's printed total.","Ministerio de Hacienda. 1861–1889. Memorias de Hacienda (cuadros comparativos de las entradas ordinarias), and Oficina Central de Estadística, Anuario Estadístico de la República de Chile, año 1860 (entradas fiscales por ramos, 1846–1852). Santiago: Imprenta Nacional.",,"Second-audit citation coverage pass, 2026-08-18"
"Memoria del Ministerio del Interior, 1870",Ministerio del Interior. 1870. Memoria del Ministerio del Interior presentada al Congreso Nacional en 1870. Santiago: Imprenta Nacional.,,"Second-audit citation coverage pass, 2026-08-18"
"Ministerio del Interior. 1891. Memoria del Ministerio del Interior, año 1890, Tomo II. Santiago.","Ministerio del Interior. 1891. Memoria del Ministerio del Interior presentada al Congreso Nacional, año 1890, Tomo II. Santiago.",,"Second-audit citation coverage pass, 2026-08-18"
Molina 1898. Bosquejo de la Hacienda Pública de Chile 1830-1897,"Molina, Evaristo. 1898. Bosquejo de la Hacienda Pública de Chile desde la Independencia hasta 1897. Santiago: Imprenta Nacional.",,"Second-audit citation coverage pass, 2026-08-18"
"ODEPA Estadisticas Agropecuarias 1965-1974 (Min. Agricultura, 1976)",Oficina de Planificación Agrícola (ODEPA). 1976. Estadísticas Agropecuarias 1965–1974. Santiago: Ministerio de Agricultura.,,"Second-audit citation coverage pass, 2026-08-18"
SNA 1874,"Sociedad Nacional de Agricultura. 1874. Boletín de la Sociedad Nacional de Agricultura, Vol. VI. Santiago.",,"Second-audit citation coverage pass, 2026-08-18"
"Servicio de Registro Civil e Identificación and Dirección General de Estadística e Instituto Nacional de Estadísticas, Anuario de Demografía, with the Censos de Población de Chile, various years.","Servicio de Registro Civil, Dirección General de Estadística, and Instituto Nacional de Estadísticas. Multiple years. Anuarios de Demografía and Censos de Población de Chile. Santiago.",,"Second-audit citation coverage pass, 2026-08-18"
Sinopsis Estadistica - Chile 1900,"Oficina Central de Estadística. 1900. Sinopsis Estadística de la República de Chile, año 1900. Santiago: Imprenta Nacional.",,"Second-audit citation coverage pass, 2026-08-18"
"Mamalakis Vol 2, Table 17.1 (DEC/INE)","Mamalakis, Markos. 1980. Historical Statistics of Chile, Volume 2: Demography and Labor Force, Table 17.1 (DEC/INE source). Westport, CT: Greenwood Press.",,"Second-audit citation coverage pass, 2026-08-18"
"Censo Jeneral de la República de Chile, 1865, Cuadro Sinóptico","Oficina Central de Estadística. 1866. Censo Jeneral de la República de Chile, 19 de abril de 1865, Cuadro Sinóptico. Santiago: Imprenta Nacional.",,"Second-audit citation coverage pass, 2026-08-18"
Census - Chile 1885 Tomo II.pdf,"Oficina Central de Estadística. ca. 1889. Sesto Censo Jeneral de la Población de Chile, 26 de noviembre de 1885, Tomo II. Santiago: Imprenta Nacional.",,"Row-level key coverage pass, 2026-08-18"
Census - Chile 1865.pdf,"Oficina Central de Estadística. 1866. Censo Jeneral de la República de Chile, 19 de abril de 1865. Santiago: Imprenta Nacional.",,"Row-level key coverage pass, 2026-08-18"
Census - Chile 1895 Tomo I.pdf,"Oficina Central de Estadística. ca. 1900. Sétimo Censo Jeneral de la Población de Chile, 28 de noviembre de 1895, Tomo I. Santiago.",,"Row-level key coverage pass, 2026-08-18"
Census - Chile 1895 Tomo II.pdf,"Oficina Central de Estadística. ca. 1900. Sétimo Censo Jeneral de la Población de Chile, 28 de noviembre de 1895, Tomo II. Santiago.",,"Row-level key coverage pass, 2026-08-18"
Census - Chile 1895 Tomo III.pdf,"Oficina Central de Estadística. ca. 1900. Sétimo Censo Jeneral de la Población de Chile, 28 de noviembre de 1895, Tomo III. Santiago.",,"Row-level key coverage pass, 2026-08-18"
Census - Chile 1895 Tomo IV.pdf,"Oficina Central de Estadística. ca. 1900. Sétimo Censo Jeneral de la Población de Chile, 28 de noviembre de 1895, Tomo IV. Santiago.",,"Row-level key coverage pass, 2026-08-18"
Census - Chile 1895 Preliminar.pdf,"Oficina Central de Estadística. 1896. Sétimo Censo Jeneral de la Población de Chile, 28 de noviembre de 1895: Resultados Preliminares. Santiago.",,"Row-level key coverage pass, 2026-08-18"
Censo 1907 (Memoria Chilena),Oficina Central de Estadística. 1908. Censo de la República de Chile levantado el 28 de Noviembre de 1907. Santiago: Sociedad Imprenta y Litografía Universo.,,"Row-level key coverage pass, 2026-08-18"
Censo 1930 (Memoria Chilena),"Dirección General de Estadística. 1931. X Censo de Población de la República de Chile, 27 de noviembre de 1930. Santiago.",,"Row-level key coverage pass, 2026-08-18"
"Censo Jeneral de la República de Chile, 1865, Clasificacion por provincias","Oficina Central de Estadística. 1866. Censo Jeneral de la República de Chile, 19 de abril de 1865, clasificación por provincias. Santiago: Imprenta Nacional.",,"Row-level key coverage pass, 2026-08-18"
Censo Electoral 1915,"Dirección del Rejistro Electoral. 1915. Censo Electoral de la República de Chile, 1915. Santiago.",,"Row-level key coverage pass, 2026-08-18"
User-curated assembly (regime-state 1935.xlsx),"Véjares, Maximiliano. 2026. Commune state-capacity dataset, Chile, 1935. Historical Atlas of Chile compiled series; construction documented in the atlas methodology, section 'Compiled series: construction notes'.",,"Row-level key coverage pass, 2026-08-18"
User-curated assembly (chile_pubemp_per_capita_all_years.csv),"Véjares, Maximiliano. 2026. Public-employment series, Chile, census years 1865 to 1920. Historical Atlas of Chile compiled series; construction documented in the atlas methodology, section 'Compiled series: construction notes'. Compiled from the census occupational tables, 1865 to 1920.",,"Row-level key coverage pass, 2026-08-18"
"Landholding & Democracy in Chile (analysis_panel.xlsx, sheet 3)","Véjares, Maximiliano. 2026. Enfranchised-voter series, Chile, 1862 to 1920. Historical Atlas of Chile compiled series; construction documented in the atlas methodology, section 'Compiled series: construction notes'. Compiled from the Anuario Estadístico calificados and inscritos tabulations and census occupational tables.",,"Row-level key coverage pass, 2026-08-18"
"Landholding & Democracy in Chile (analysis_panel.xlsx, sheet 5)","Véjares, Maximiliano. 2026. Enfranchised-voter series, Chile, 1862 to 1920. Historical Atlas of Chile compiled series; construction documented in the atlas methodology, section 'Compiled series: construction notes'. Compiled from the Anuario Estadístico calificados and inscritos tabulations and census occupational tables.",,"Row-level key coverage pass, 2026-08-18"
"Bauer 1975, Chilean Rural Society (theoretical construct)","Bauer, Arnold J. 1975. Chilean Rural Society from the Spanish Conquest to 1930. Cambridge: Cambridge University Press.",,"Row-level key coverage pass, 2026-08-18"
BCN Legislators Database,"Biblioteca del Congreso Nacional de Chile. Reseñas biográficas parlamentarias, 1811 to present. Santiago: BCN.",,"Row-level key coverage pass, 2026-08-18"
BCN Legislators database 1833-1891,"Biblioteca del Congreso Nacional de Chile. Reseñas biográficas parlamentarias, 1811 to present. Santiago: BCN.",,"Row-level key coverage pass, 2026-08-18"
Enfranchisement Data 1862,"Véjares, Maximiliano. 2026. Enfranchised-voter series, Chile, 1862 to 1920. Historical Atlas of Chile compiled series; construction documented in the atlas methodology, section 'Compiled series: construction notes'. Compiled from the Anuario Estadístico calificados and inscritos tabulations and census occupational tables.",,"Row-level key coverage pass, 2026-08-18"
Enfranchisement Data 1872,"Véjares, Maximiliano. 2026. Enfranchised-voter series, Chile, 1862 to 1920. Historical Atlas of Chile compiled series; construction documented in the atlas methodology, section 'Compiled series: construction notes'. Compiled from the Anuario Estadístico calificados and inscritos tabulations and census occupational tables.",,"Row-level key coverage pass, 2026-08-18"
Enfranchisement Data 1920,"Véjares, Maximiliano. 2026. Enfranchised-voter series, Chile, 1862 to 1920. Historical Atlas of Chile compiled series; construction documented in the atlas methodology, section 'Compiled series: construction notes'. Compiled from the Anuario Estadístico calificados and inscritos tabulations and census occupational tables.",,"Row-level key coverage pass, 2026-08-18"
User-curated assembly (enfranchised 1863.xlsx),"Véjares, Maximiliano. 2026. Enfranchised-voter series, Chile, 1862 to 1920. Historical Atlas of Chile compiled series; construction documented in the atlas methodology, section 'Compiled series: construction notes'. Compiled from the Anuario Estadístico calificados and inscritos tabulations and census occupational tables.",,"Row-level key coverage pass, 2026-08-18"
User-curated assembly (enfranchised 1872.xlsx),"Véjares, Maximiliano. 2026. Enfranchised-voter series, Chile, 1862 to 1920. Historical Atlas of Chile compiled series; construction documented in the atlas methodology, section 'Compiled series: construction notes'. Compiled from the Anuario Estadístico calificados and inscritos tabulations and census occupational tables.",,"Row-level key coverage pass, 2026-08-18"
User-curated assembly (enfranchised 1881.xlsx),"Véjares, Maximiliano. 2026. Enfranchised-voter series, Chile, 1862 to 1920. Historical Atlas of Chile compiled series; construction documented in the atlas methodology, section 'Compiled series: construction notes'. Compiled from the Anuario Estadístico calificados and inscritos tabulations and census occupational tables.",,"Row-level key coverage pass, 2026-08-18"
User-curated assembly (enfranchised 1917.xlsx),"Véjares, Maximiliano. 2026. Enfranchised-voter series, Chile, 1862 to 1920. Historical Atlas of Chile compiled series; construction documented in the atlas methodology, section 'Compiled series: construction notes'. Compiled from the Anuario Estadístico calificados and inscritos tabulations and census occupational tables.",,"Row-level key coverage pass, 2026-08-18"
User-curated assembly (enfranchised 1920.xlsx),"Véjares, Maximiliano. 2026. Enfranchised-voter series, Chile, 1862 to 1920. Historical Atlas of Chile compiled series; construction documented in the atlas methodology, section 'Compiled series: construction notes'. Compiled from the Anuario Estadístico calificados and inscritos tabulations and census occupational tables.",,"Row-level key coverage pass, 2026-08-18"
Rol de Avalúos 1874 (departmental),"República de Chile. 1874. Rol de Avalúos de la Contribución Agrícola, 1874. Santiago.",,"Row-level key coverage pass, 2026-08-18"
Catastro de Avalúos 1874,"República de Chile. 1874. Rol de Avalúos de la Contribución Agrícola, 1874. Santiago.",,"Row-level key coverage pass, 2026-08-18"
"Boletín de la Sociedad Nacional de Agricultura 1874, Vol VI","Sociedad Nacional de Agricultura. 1874. Boletín de la Sociedad Nacional de Agricultura, Vol. VI. Santiago.",,"Row-level key coverage pass, 2026-08-18"
"Mamalakis Vol 2, Table 17.2 (DEC/INE)","Mamalakis, Markos. 1980. Historical Statistics of Chile, Volume 2: Demography and Labor Force, Table 17.2 (INE source). Westport, CT: Greenwood Press.",,"Row-level key coverage pass, 2026-08-18"
Sinopsis Estadística de Chile 1875 (municipal finance series),"Oficina Central de Estadística. 1875. Sinopsis Estadística de la República de Chile, año 1875, municipal finance section. Santiago: Imprenta Nacional.",,"Row-level key coverage pass, 2026-08-18"
Sinopsis Estadística de Chile 1895 (municipal finance series),"Oficina Central de Estadística. 1895. Sinopsis Estadística de la República de Chile, año 1895, municipal finance section. Santiago: Imprenta Nacional.",,"Row-level key coverage pass, 2026-08-18"
Sinopsis Estadística de Chile 1907 (municipal finance series),"Oficina Central de Estadística. 1907. Sinopsis Estadística de la República de Chile, año 1907, municipal finance section. Santiago: Imprenta Nacional.",,"Row-level key coverage pass, 2026-08-18"
"Sinopsis Estadística 1924-27, p.29","Dirección General de Estadística. 1927. Sinopsis Estadística de Chile, 1924–1927, p. 29. Santiago.",,"Row-level key coverage pass, 2026-08-18"
"Sinopsis Estadística 1924-27, p.27","Dirección General de Estadística. 1927. Sinopsis Estadística de Chile, 1924–1927, p. 27. Santiago.",,"Row-level key coverage pass, 2026-08-18"
Memoria Interior 1870.pdf,Ministerio del Interior. 1870. Memoria del Ministerio del Interior presentada al Congreso Nacional en 1870. Santiago: Imprenta Nacional.,,"Row-level key coverage pass, 2026-08-18"
Memoria Interior 1875.pdf,Ministerio del Interior. 1875. Memoria del Ministerio del Interior presentada al Congreso Nacional en 1875. Santiago: Imprenta Nacional.,,"Row-level key coverage pass, 2026-08-18"
Memoria del Interior - Chile 1840.pdf,Ministerio del Interior. 1840. Memoria del Ministerio del Interior presentada al Congreso Nacional en 1840. Santiago: Imprenta del Estado.,,"Row-level key coverage pass, 2026-08-18"
Memoria del Ministerio de Hacienda 1861,Ministerio de Hacienda. 1861. Memoria de Hacienda presentada al Congreso Nacional en 1861. Santiago.,,"Row-level key coverage pass, 2026-08-18"
Memoria del Ministerio de Hacienda 1870,Ministerio de Hacienda. 1870. Memoria de Hacienda presentada al Congreso Nacional en 1870. Santiago.,,"Row-level key coverage pass, 2026-08-18"
Memoria del Ministerio de Hacienda 1876,Ministerio de Hacienda. 1876. Memoria de Hacienda presentada al Congreso Nacional en 1876. Santiago.,,"Row-level key coverage pass, 2026-08-18"
Memoria del Ministerio de Hacienda 1880,Ministerio de Hacienda. 1880. Memoria de Hacienda presentada al Congreso Nacional en 1880. Santiago.,,"Row-level key coverage pass, 2026-08-18"
Memoria del Ministerio de Hacienda 1889,Ministerio de Hacienda. 1889. Memoria de Hacienda presentada al Congreso Nacional en 1889. Santiago.,,"Row-level key coverage pass, 2026-08-18"
Estadistica Anual de la Republica de Chile 1927 (Yumpu 56511056),"Dirección General de Estadística. ca. 1928. Estadística Anual de la República de Chile, año 1927. Santiago.",,"Row-level key coverage pass, 2026-08-18"
anuario_estadistico_tomo_xv,"Oficina Central de Estadística. ca. 1874. Anuario Estadístico de la República de Chile, Tomo XV. Santiago: Imprenta Nacional.",,"Row-level key coverage pass, 2026-08-18"
Anuario Estadistico Tomo XXIV,"Oficina Central de Estadística. ca. 1885. Anuario Estadístico de la República de Chile, Tomo XXIV. Santiago: Imprenta Nacional.",,"Row-level key coverage pass, 2026-08-18"
Anuario Estadistico Tomo XXII,"Oficina Central de Estadística. ca. 1882. Anuario Estadístico de la República de Chile, Tomo XXII, años 1879–1881. Santiago: Imprenta Nacional.",,"Row-level key coverage pass, 2026-08-18"
"Anuario Estadistico de la Republica de Chile, Tomo XXII (1879-1881)","Oficina Central de Estadística. ca. 1882. Anuario Estadístico de la República de Chile, Tomo XXII, años 1879–1881. Santiago: Imprenta Nacional.",,"Row-level key coverage pass, 2026-08-18"
Anuario Estadistico Tomo XI (1870-71),"Oficina Central de Estadística. 1872. Anuario Estadístico de la República de Chile, Tomo XI, años 1870–1871. Santiago: Imprenta Nacional.",,"Row-level key coverage pass, 2026-08-18"
Anuario Estadistico Tomo XXVI (1887-1888) pub 1892,"Oficina Central de Estadística. 1892. Anuario Estadístico de la República de Chile, Tomo XXVI, años 1887–1888. Santiago: Imprenta Nacional.",,"Row-level key coverage pass, 2026-08-18"
Anuario Estadistico - Chile 1862,"Oficina Central de Estadística. 1863. Anuario Estadístico de la República de Chile, año 1862 (Tomo III). Santiago: Imprenta Nacional.",,"Row-level key coverage pass, 2026-08-18"
Anuario Estadistico - Chile 1862 (Entrega Quinta),"Oficina Central de Estadística. 1863. Anuario Estadístico de la República de Chile, año 1862, Entrega Quinta. Santiago: Imprenta Nacional.",,"Row-level key coverage pass, 2026-08-18"
"Anuario estadistico, entrega quinta. P.450; https://dds.crl.edu/item/177216","Oficina Central de Estadística. 1863. Anuario Estadístico de la República de Chile, año 1862, Entrega Quinta, p. 450. Santiago: Imprenta Nacional.",,"Row-level key coverage pass, 2026-08-18"
Anuario Estadístico de Chile 1860,"Oficina Central de Estadística. 1861. Anuario Estadístico de la República de Chile, año 1860 (Tomo I), Tomo I. Santiago: Imprenta Nacional.",,"Row-level key coverage pass, 2026-08-18"
"Anuario Estadístico de Chile (municipal finance series, 1885)","Oficina Central de Estadística. ca. 1886. Anuario Estadístico de la República de Chile, año 1885, municipal finance tables. Santiago: Imprenta Nacional.",,"Row-level key coverage pass, 2026-08-18"
"Anuario Estadístico 1935, Tabla 8","Dirección General de Estadística. 1936. Anuario Estadístico de Chile, año 1935, Tabla 8. Santiago.",,"Row-level key coverage pass, 2026-08-18"
"Anuario Estadístico 1860, anuario_1860_population_growth_province_1849_1858.csv","Oficina Central de Estadística. 1861. Anuario Estadístico de la República de Chile, año 1860 (Tomo I), population growth by province, 1849–1858. Santiago: Imprenta Nacional.",,"Row-level key coverage pass, 2026-08-18"
"Anuario Estadístico 1860, anuario_1860_population_sex_province_census1854.csv","Oficina Central de Estadística. 1861. Anuario Estadístico de la República de Chile, año 1860 (Tomo I), population by sex and province, census of 1854. Santiago: Imprenta Nacional.",,"Row-level key coverage pass, 2026-08-18"
"Anuario Estadístico 1860, anuario_1860_population_province_census1854.csv","Oficina Central de Estadística. 1861. Anuario Estadístico de la República de Chile, año 1860 (Tomo I), population by province, census of 1854. Santiago: Imprenta Nacional.",,"Row-level key coverage pass, 2026-08-18"
"Anuario Estadístico 1860, anuario_1860_deaths_sex_province_1849_1858.csv","Oficina Central de Estadística. 1861. Anuario Estadístico de la República de Chile, año 1860 (Tomo I), deaths by sex and province, 1849–1858. Santiago: Imprenta Nacional.",,"Row-level key coverage pass, 2026-08-18"
"Anuario Estadístico 1860, anuario_1860_child_mortality_province_1849_1858.csv","Oficina Central de Estadística. 1861. Anuario Estadístico de la República de Chile, año 1860 (Tomo I), child mortality by province, 1849–1858. Santiago: Imprenta Nacional.",,"Row-level key coverage pass, 2026-08-18"
"Anuario Estadístico 1860, anuario_1860_births_sex_province_1849_1858.csv","Oficina Central de Estadística. 1861. Anuario Estadístico de la República de Chile, año 1860 (Tomo I), births by sex and province, 1849–1858. Santiago: Imprenta Nacional.",,"Row-level key coverage pass, 2026-08-18"
anuario_1935_elections_province.csv,"Dirección General de Estadística. 1936. Anuario Estadístico de Chile, año 1935, elections by province. Santiago.",,"Row-level key coverage pass, 2026-08-18"
anuario_1935_livestock_slaughter_province.csv,"Dirección General de Estadística. 1936. Anuario Estadístico de Chile, año 1935, livestock slaughter by province. Santiago.",,"Row-level key coverage pass, 2026-08-18"
anuario_1935_money_orders_province.csv,"Dirección General de Estadística. 1936. Anuario Estadístico de Chile, año 1935, postal money orders by province. Santiago.",,"Row-level key coverage pass, 2026-08-18"
anuario_1935_vehicles_province.csv,"Dirección General de Estadística. 1936. Anuario Estadístico de Chile, año 1935, vehicles by province. Santiago.",,"Row-level key coverage pass, 2026-08-18"
anuario_1935_prison_inmates_province.csv,"Dirección General de Estadística. 1936. Anuario Estadístico de Chile, año 1935, prison population by province. Santiago.",,"Row-level key coverage pass, 2026-08-18"
anuario_1935_crime_province.csv,"Dirección General de Estadística. 1936. Anuario Estadístico de Chile, año 1935, crime statistics by province. Santiago.",,"Row-level key coverage pass, 2026-08-18"
anuario_1935_roads_province.csv,"Dirección General de Estadística. 1936. Anuario Estadístico de Chile, año 1935, roads by province. Santiago.",,"Row-level key coverage pass, 2026-08-18"
anuario_1935_postal_province.csv,"Dirección General de Estadística. 1936. Anuario Estadístico de Chile, año 1935, postal statistics by province. Santiago.",,"Row-level key coverage pass, 2026-08-18"
anuario_1935_mining_production_province.csv,"Dirección General de Estadística. 1936. Anuario Estadístico de Chile, año 1935, mining production by province. Santiago.",,"Row-level key coverage pass, 2026-08-18"
Anuario Estadistico de Chile 1929 (Yumpu 56511061),"Dirección General de Estadística. 1930. Anuario Estadístico de Chile, año 1929. Santiago.",,"Row-level key coverage pass, 2026-08-18"
Anuario Estadistico de la Republica de Chile 1930 (Yumpu 56511071),"Dirección General de Estadística. 1931. Anuario Estadístico de Chile, año 1930. Santiago.",,"Row-level key coverage pass, 2026-08-18"
Anuario Estadistico de Chile 1933 (Yumpu 56511077),"Dirección General de Estadística. 1934. Anuario Estadístico de Chile, año 1933. Santiago.",,"Row-level key coverage pass, 2026-08-18"
Anuario Estadistico de Chile 1934 (Yumpu 56511076),"Dirección General de Estadística. 1935. Anuario Estadístico de Chile, año 1934. Santiago.",,"Row-level key coverage pass, 2026-08-18"
Anuario Estadistico de Chile 1937 (Yumpu 56511078),"Dirección General de Estadística. 1938. Anuario Estadístico de Chile, año 1937. Santiago.",,"Row-level key coverage pass, 2026-08-18"
Anuario Estadistico de Chile 1938 (Yumpu 56511075),"Dirección General de Estadística. 1939. Anuario Estadístico de Chile, año 1938. Santiago.",,"Row-level key coverage pass, 2026-08-18"
Anuario Estadistico de Chile 1939 (Yumpu 56511090),"Dirección General de Estadística. 1940. Anuario Estadístico de Chile, año 1939. Santiago.",,"Row-level key coverage pass, 2026-08-18"
Anuario Estadistico de la Republica de Chile 1940 (Yumpu 56511096),"Dirección General de Estadística. 1941. Anuario Estadístico de Chile, año 1940. Santiago.",,"Row-level key coverage pass, 2026-08-18"
Anuario Estadistico de Chile 1942 (Yumpu 56511086),"Dirección General de Estadística. 1943. Anuario Estadístico de Chile, año 1942. Santiago.",,"Row-level key coverage pass, 2026-08-18"
Anuario Estadistico de Chile 1943 (Yumpu 56511098),"Dirección General de Estadística. 1944. Anuario Estadístico de Chile, año 1943. Santiago.",,"Row-level key coverage pass, 2026-08-18"
Anuario Estadistico de Chile 1944 (Yumpu 56511091),"Dirección General de Estadística. 1945. Anuario Estadístico de Chile, año 1944. Santiago.",,"Row-level key coverage pass, 2026-08-18"
Anuario Estadistico de Chile 1946 (Yumpu 56511099),"Dirección General de Estadística. 1947. Anuario Estadístico de Chile, año 1946. Santiago.",,"Row-level key coverage pass, 2026-08-18"
Anuario Estadistico de Chile 1947 (Yumpu 56511082),"Dirección General de Estadística. 1948. Anuario Estadístico de Chile, año 1947. Santiago.",,"Row-level key coverage pass, 2026-08-18"
Censo 1970 CIREN folleto COQUIMBO (Características Básicas de la Población),"Instituto Nacional de Estadísticas. ca. 1973. XIV Censo Nacional de Población y III de Vivienda, abril de 1970: Características Básicas de la Población, folleto Coquimbo. Santiago: INE.",,"Row-level key coverage pass, 2026-08-18"
Censo 1970 CIREN folleto CONCEPCION (Características Básicas de la Población),"Instituto Nacional de Estadísticas. ca. 1973. XIV Censo Nacional de Población y III de Vivienda, abril de 1970: Características Básicas de la Población, folleto Concepción. Santiago: INE.",,"Row-level key coverage pass, 2026-08-18"
Censo 1970 CIREN folleto VALDIVIA (Características Básicas de la Población),"Instituto Nacional de Estadísticas. ca. 1973. XIV Censo Nacional de Población y III de Vivienda, abril de 1970: Características Básicas de la Población, folleto Valdivia. Santiago: INE.",,"Row-level key coverage pass, 2026-08-18"
Censo 1970 CIREN folleto CHILOE (Características Básicas de la Población),"Instituto Nacional de Estadísticas. ca. 1973. XIV Censo Nacional de Población y III de Vivienda, abril de 1970: Características Básicas de la Población, folleto Chiloé. Santiago: INE.",,"Row-level key coverage pass, 2026-08-18"
Censo 1970 CIREN folleto LLANQUIHUE (Características Básicas de la Población),"Instituto Nacional de Estadísticas. ca. 1973. XIV Censo Nacional de Población y III de Vivienda, abril de 1970: Características Básicas de la Población, folleto Llanquihue. Santiago: INE.",,"Row-level key coverage pass, 2026-08-18"
Censo 1970 CIREN folleto LINARES (Características Básicas de la Población),"Instituto Nacional de Estadísticas. ca. 1973. XIV Censo Nacional de Población y III de Vivienda, abril de 1970: Características Básicas de la Población, folleto Linares. Santiago: INE.",,"Row-level key coverage pass, 2026-08-18"
Censo 1970 CIREN folleto BIOBIO (Características Básicas de la Población),"Instituto Nacional de Estadísticas. ca. 1973. XIV Censo Nacional de Población y III de Vivienda, abril de 1970: Características Básicas de la Población, folleto Biobío. Santiago: INE.",,"Row-level key coverage pass, 2026-08-18"
Censo 1970 CIREN folleto ATACAMA (Características Básicas de la Población),"Instituto Nacional de Estadísticas. ca. 1973. XIV Censo Nacional de Población y III de Vivienda, abril de 1970: Características Básicas de la Población, folleto Atacama. Santiago: INE.",,"Row-level key coverage pass, 2026-08-18"
Censo 1970 CIREN folleto ANTOFAGASTA (Características Básicas de la Población),"Instituto Nacional de Estadísticas. ca. 1973. XIV Censo Nacional de Población y III de Vivienda, abril de 1970: Características Básicas de la Población, folleto Antofagasta. Santiago: INE.",,"Row-level key coverage pass, 2026-08-18"
Censo 1970 CIREN folleto OSORNO (Características Básicas de la Población),"Instituto Nacional de Estadísticas. ca. 1973. XIV Censo Nacional de Población y III de Vivienda, abril de 1970: Características Básicas de la Población, folleto Osorno. Santiago: INE.",,"Row-level key coverage pass, 2026-08-18"
Censo 1970 CIREN folleto AISEN (Características Básicas de la Población),"Instituto Nacional de Estadísticas. ca. 1973. XIV Censo Nacional de Población y III de Vivienda, abril de 1970: Características Básicas de la Población, folleto Aysén. Santiago: INE.",,"Row-level key coverage pass, 2026-08-18"
Censo 1970 CIREN folleto MAULE (Características Básicas de la Población),"Instituto Nacional de Estadísticas. ca. 1973. XIV Censo Nacional de Población y III de Vivienda, abril de 1970: Características Básicas de la Población, folleto Maule. Santiago: INE.",,"Row-level key coverage pass, 2026-08-18"
"Censo 1970 - Caracteristicas basicas de la poblacion, NUBLE (INE/CIREN)","Instituto Nacional de Estadísticas. ca. 1973. XIV Censo Nacional de Población y III de Vivienda, abril de 1970: Características Básicas de la Población, folleto Ñuble. Santiago: INE.",,"Row-level key coverage pass, 2026-08-18"
"Censo 1970 - Caracteristicas basicas de la poblacion, TARAPACA (INE/CIREN)","Instituto Nacional de Estadísticas. ca. 1973. XIV Censo Nacional de Población y III de Vivienda, abril de 1970: Características Básicas de la Población, folleto Tarapacá. Santiago: INE.",,"Row-level key coverage pass, 2026-08-18"
"Censo 1970 - Caracteristicas basicas de la poblacion, MAGALLANES (INE/CIREN)","Instituto Nacional de Estadísticas. ca. 1973. XIV Censo Nacional de Población y III de Vivienda, abril de 1970: Características Básicas de la Población, folleto Magallanes. Santiago: INE.",,"Row-level key coverage pass, 2026-08-18"
User-curated assembly (enfranchised 1862.xlsx),"Véjares, Maximiliano. 2026. Enfranchised-voter series, Chile, 1862 to 1920. Historical Atlas of Chile compiled series; construction documented in the atlas methodology, section 'Compiled series: construction notes'. Compiled from the Anuario Estadístico calificados and inscritos tabulations and census occupational tables.",,"Row-level key coverage pass, 2026-08-18"
Curation-15 reconstruction (Historical Atlas of Chile),"Historical Atlas of Chile. 2026. Reconstructed series (curation step 15), computed from primary fiscal and trade levels held in the atlas; formulas stated in each indicator definition and the methodology document.",curation-15,2026-08-19 G8 fix: computed indicators now ship rows in the curated download under this document of record; the underlying primary inputs carry their own citations.
"Anuario estadistico, entrega quinta. P. 450; https://dds.crl.edu/item/177216","Oficina Central de Estadística. 1863. Anuario Estadístico de la República de Chile, año 1862, Entrega Quinta, p. 450. Santiago: Imprenta Nacional.",,"2026-08-19 audit P8: spacing variant (P. 450) of the registered key escaped the register and passed through as its own document, exposing a dead dds.crl.edu URL on the sources surface"
