year,geographic_unit,geographic_level,dcode,pcode,ccode,variable,value,source_document,source_page,source_table,source_sheet,notes,quality_flag
1846,Chile,national,,,,external_taxes_share_of_revenue,57.4812,Curation-15 reconstruction (Historical Atlas of Chile),,,,"[reconstructed=curation15;inputs=revenue_customs_pesos,revenue_total_ordinary_pesos]",reconstructed
1847,Chile,national,,,,external_taxes_share_of_revenue,56.7171,Curation-15 reconstruction (Historical Atlas of Chile),,,,"[reconstructed=curation15;inputs=revenue_customs_pesos,revenue_total_ordinary_pesos]",reconstructed
1848,Chile,national,,,,external_taxes_share_of_revenue,54.7157,Curation-15 reconstruction (Historical Atlas of Chile),,,,"[reconstructed=curation15;inputs=revenue_customs_pesos,revenue_total_ordinary_pesos]",reconstructed
1849,Chile,national,,,,external_taxes_share_of_revenue,57.6422,Curation-15 reconstruction (Historical Atlas of Chile),,,,"[reconstructed=curation15;inputs=revenue_customs_pesos,revenue_total_ordinary_pesos]",reconstructed
1850,Chile,national,,,,external_taxes_share_of_revenue,60.6763,Curation-15 reconstruction (Historical Atlas of Chile),,,,"[reconstructed=curation15;inputs=revenue_customs_pesos,revenue_total_ordinary_pesos]",reconstructed
1851,Chile,national,,,,external_taxes_share_of_revenue,61.7134,Curation-15 reconstruction (Historical Atlas of Chile),,,,"[reconstructed=curation15;inputs=revenue_customs_pesos,revenue_total_ordinary_pesos]",reconstructed
1852,Chile,national,,,,external_taxes_share_of_revenue,63.2951,Curation-15 reconstruction (Historical Atlas of Chile),,,,"[reconstructed=curation15;inputs=revenue_customs_pesos,revenue_total_ordinary_pesos]",reconstructed
1859,Chile,national,,,,external_taxes_share_of_revenue,63.0661,Curation-15 reconstruction (Historical Atlas of Chile),,,,"[reconstructed=curation15;inputs=revenue_customs_pesos,revenue_total_ordinary_pesos]",reconstructed
1860,Chile,national,,,,external_taxes_share_of_revenue,64.3757,Curation-15 reconstruction (Historical Atlas of Chile),,,,"[reconstructed=curation15;inputs=revenue_customs_pesos,revenue_total_ordinary_pesos]",reconstructed
1868,Chile,national,,,,external_taxes_share_of_revenue,56.4458,Curation-15 reconstruction (Historical Atlas of Chile),,,,"[reconstructed=curation15;inputs=revenue_customs_pesos,revenue_total_ordinary_pesos]",reconstructed
1869,Chile,national,,,,external_taxes_share_of_revenue,55.9541,Curation-15 reconstruction (Historical Atlas of Chile),,,,"[reconstructed=curation15;inputs=revenue_customs_pesos,revenue_total_ordinary_pesos]",reconstructed
1874,Chile,national,,,,external_taxes_share_of_revenue,49.2099,Curation-15 reconstruction (Historical Atlas of Chile),,,,"[reconstructed=curation15;inputs=revenue_customs_pesos,revenue_total_ordinary_pesos]",reconstructed
1875,Chile,national,,,,external_taxes_share_of_revenue,47.893,Curation-15 reconstruction (Historical Atlas of Chile),,,,"[reconstructed=curation15;inputs=revenue_customs_pesos,revenue_total_ordinary_pesos]",reconstructed
1878,Chile,national,,,,external_taxes_share_of_revenue,44.1021,Curation-15 reconstruction (Historical Atlas of Chile),,,,"[reconstructed=curation15;inputs=revenue_customs_pesos,revenue_total_ordinary_pesos]",reconstructed
1879,Chile,national,,,,external_taxes_share_of_revenue,44.4581,Curation-15 reconstruction (Historical Atlas of Chile),,,,"[reconstructed=curation15;inputs=revenue_customs_pesos,revenue_total_ordinary_pesos]",reconstructed
1887,Chile,national,,,,external_taxes_share_of_revenue,36.4742,Curation-15 reconstruction (Historical Atlas of Chile),,,,"[reconstructed=curation15;inputs=revenue_customs_pesos,revenue_total_ordinary_pesos]",reconstructed
1888,Chile,national,,,,external_taxes_share_of_revenue,38.8134,Curation-15 reconstruction (Historical Atlas of Chile),,,,"[reconstructed=curation15;inputs=revenue_customs_pesos,revenue_total_ordinary_pesos]",reconstructed
1846,Chile,national,,,,direct_taxes_share_of_revenue,2.0008,Curation-15 reconstruction (Historical Atlas of Chile),,,,"[reconstructed=curation15;inputs=revenue_direct_taxes_pesos,revenue_total_ordinary_pesos]",reconstructed
1847,Chile,national,,,,direct_taxes_share_of_revenue,1.9294,Curation-15 reconstruction (Historical Atlas of Chile),,,,"[reconstructed=curation15;inputs=revenue_direct_taxes_pesos,revenue_total_ordinary_pesos]",reconstructed
1848,Chile,national,,,,direct_taxes_share_of_revenue,2.0172,Curation-15 reconstruction (Historical Atlas of Chile),,,,"[reconstructed=curation15;inputs=revenue_direct_taxes_pesos,revenue_total_ordinary_pesos]",reconstructed
1849,Chile,national,,,,direct_taxes_share_of_revenue,1.7736,Curation-15 reconstruction (Historical Atlas of Chile),,,,"[reconstructed=curation15;inputs=revenue_direct_taxes_pesos,revenue_total_ordinary_pesos]",reconstructed
1850,Chile,national,,,,direct_taxes_share_of_revenue,1.6522,Curation-15 reconstruction (Historical Atlas of Chile),,,,"[reconstructed=curation15;inputs=revenue_direct_taxes_pesos,revenue_total_ordinary_pesos]",reconstructed
1851,Chile,national,,,,direct_taxes_share_of_revenue,1.6176,Curation-15 reconstruction (Historical Atlas of Chile),,,,"[reconstructed=curation15;inputs=revenue_direct_taxes_pesos,revenue_total_ordinary_pesos]",reconstructed
1852,Chile,national,,,,direct_taxes_share_of_revenue,1.8015,Curation-15 reconstruction (Historical Atlas of Chile),,,,"[reconstructed=curation15;inputs=revenue_direct_taxes_pesos,revenue_total_ordinary_pesos]",reconstructed
1859,Chile,national,,,,direct_taxes_share_of_revenue,10.0949,Curation-15 reconstruction (Historical Atlas of Chile),,,,"[reconstructed=curation15;inputs=revenue_direct_taxes_pesos,revenue_total_ordinary_pesos]",reconstructed
1860,Chile,national,,,,direct_taxes_share_of_revenue,9.5592,Curation-15 reconstruction (Historical Atlas of Chile),,,,"[reconstructed=curation15;inputs=revenue_direct_taxes_pesos,revenue_total_ordinary_pesos]",reconstructed
1868,Chile,national,,,,direct_taxes_share_of_revenue,6.111,Curation-15 reconstruction (Historical Atlas of Chile),,,,"[reconstructed=curation15;inputs=revenue_direct_taxes_pesos,revenue_total_ordinary_pesos]",reconstructed
1869,Chile,national,,,,direct_taxes_share_of_revenue,5.6466,Curation-15 reconstruction (Historical Atlas of Chile),,,,"[reconstructed=curation15;inputs=revenue_direct_taxes_pesos,revenue_total_ordinary_pesos]",reconstructed
1874,Chile,national,,,,direct_taxes_share_of_revenue,3.9477,Curation-15 reconstruction (Historical Atlas of Chile),,,,"[reconstructed=curation15;inputs=revenue_direct_taxes_pesos,revenue_total_ordinary_pesos]",reconstructed
1875,Chile,national,,,,direct_taxes_share_of_revenue,6.2363,Curation-15 reconstruction (Historical Atlas of Chile),,,,"[reconstructed=curation15;inputs=revenue_direct_taxes_pesos,revenue_total_ordinary_pesos]",reconstructed
1878,Chile,national,,,,direct_taxes_share_of_revenue,7.3725,Curation-15 reconstruction (Historical Atlas of Chile),,,,"[reconstructed=curation15;inputs=revenue_direct_taxes_pesos,revenue_total_ordinary_pesos]",reconstructed
1879,Chile,national,,,,direct_taxes_share_of_revenue,8.1777,Curation-15 reconstruction (Historical Atlas of Chile),,,,"[reconstructed=curation15;inputs=revenue_direct_taxes_pesos,revenue_total_ordinary_pesos]",reconstructed
1887,Chile,national,,,,direct_taxes_share_of_revenue,3.7491,Curation-15 reconstruction (Historical Atlas of Chile),,,,"[reconstructed=curation15;inputs=revenue_direct_taxes_pesos,revenue_total_ordinary_pesos]",reconstructed
1888,Chile,national,,,,direct_taxes_share_of_revenue,3.6223,Curation-15 reconstruction (Historical Atlas of Chile),,,,"[reconstructed=curation15;inputs=revenue_direct_taxes_pesos,revenue_total_ordinary_pesos]",reconstructed
1846,Chile,national,,,,indirect_taxes_share_of_revenue,25.2047,Curation-15 reconstruction (Historical Atlas of Chile),,,,"[reconstructed=curation15;inputs=revenue_indirect_taxes_pesos,revenue_total_ordinary_pesos]",reconstructed
1847,Chile,national,,,,indirect_taxes_share_of_revenue,25.4363,Curation-15 reconstruction (Historical Atlas of Chile),,,,"[reconstructed=curation15;inputs=revenue_indirect_taxes_pesos,revenue_total_ordinary_pesos]",reconstructed
1848,Chile,national,,,,indirect_taxes_share_of_revenue,26.5441,Curation-15 reconstruction (Historical Atlas of Chile),,,,"[reconstructed=curation15;inputs=revenue_indirect_taxes_pesos,revenue_total_ordinary_pesos]",reconstructed
1849,Chile,national,,,,indirect_taxes_share_of_revenue,24.1035,Curation-15 reconstruction (Historical Atlas of Chile),,,,"[reconstructed=curation15;inputs=revenue_indirect_taxes_pesos,revenue_total_ordinary_pesos]",reconstructed
1850,Chile,national,,,,indirect_taxes_share_of_revenue,22.1118,Curation-15 reconstruction (Historical Atlas of Chile),,,,"[reconstructed=curation15;inputs=revenue_indirect_taxes_pesos,revenue_total_ordinary_pesos]",reconstructed
1851,Chile,national,,,,indirect_taxes_share_of_revenue,21.824,Curation-15 reconstruction (Historical Atlas of Chile),,,,"[reconstructed=curation15;inputs=revenue_indirect_taxes_pesos,revenue_total_ordinary_pesos]",reconstructed
1852,Chile,national,,,,indirect_taxes_share_of_revenue,20.1211,Curation-15 reconstruction (Historical Atlas of Chile),,,,"[reconstructed=curation15;inputs=revenue_indirect_taxes_pesos,revenue_total_ordinary_pesos]",reconstructed
1859,Chile,national,,,,indirect_taxes_share_of_revenue,21.0423,Curation-15 reconstruction (Historical Atlas of Chile),,,,"[reconstructed=curation15;inputs=revenue_indirect_taxes_pesos,revenue_total_ordinary_pesos]",reconstructed
1860,Chile,national,,,,indirect_taxes_share_of_revenue,20.7794,Curation-15 reconstruction (Historical Atlas of Chile),,,,"[reconstructed=curation15;inputs=revenue_indirect_taxes_pesos,revenue_total_ordinary_pesos]",reconstructed
1868,Chile,national,,,,indirect_taxes_share_of_revenue,18.4231,Curation-15 reconstruction (Historical Atlas of Chile),,,,"[reconstructed=curation15;inputs=revenue_indirect_taxes_pesos,revenue_total_ordinary_pesos]",reconstructed
1869,Chile,national,,,,indirect_taxes_share_of_revenue,21.7223,Curation-15 reconstruction (Historical Atlas of Chile),,,,"[reconstructed=curation15;inputs=revenue_indirect_taxes_pesos,revenue_total_ordinary_pesos]",reconstructed
1874,Chile,national,,,,indirect_taxes_share_of_revenue,20.2106,Curation-15 reconstruction (Historical Atlas of Chile),,,,"[reconstructed=curation15;inputs=revenue_indirect_taxes_pesos,revenue_total_ordinary_pesos]",reconstructed
1875,Chile,national,,,,indirect_taxes_share_of_revenue,18.6157,Curation-15 reconstruction (Historical Atlas of Chile),,,,"[reconstructed=curation15;inputs=revenue_indirect_taxes_pesos,revenue_total_ordinary_pesos]",reconstructed
1878,Chile,national,,,,indirect_taxes_share_of_revenue,19.4277,Curation-15 reconstruction (Historical Atlas of Chile),,,,"[reconstructed=curation15;inputs=revenue_indirect_taxes_pesos,revenue_total_ordinary_pesos]",reconstructed
1879,Chile,national,,,,indirect_taxes_share_of_revenue,18.1183,Curation-15 reconstruction (Historical Atlas of Chile),,,,"[reconstructed=curation15;inputs=revenue_indirect_taxes_pesos,revenue_total_ordinary_pesos]",reconstructed
1887,Chile,national,,,,indirect_taxes_share_of_revenue,4.0963,Curation-15 reconstruction (Historical Atlas of Chile),,,,"[reconstructed=curation15;inputs=revenue_indirect_taxes_pesos,revenue_total_ordinary_pesos]",reconstructed
1888,Chile,national,,,,indirect_taxes_share_of_revenue,1.808,Curation-15 reconstruction (Historical Atlas of Chile),,,,"[reconstructed=curation15;inputs=revenue_indirect_taxes_pesos,revenue_total_ordinary_pesos]",reconstructed
1846,Chile,national,,,,other_taxes_share_of_revenue,15.3133,Curation-15 reconstruction (Historical Atlas of Chile),,,,"[reconstructed=curation15;inputs=revenue_other_taxes_pesos,revenue_total_ordinary_pesos]",reconstructed
1847,Chile,national,,,,other_taxes_share_of_revenue,15.9172,Curation-15 reconstruction (Historical Atlas of Chile),,,,"[reconstructed=curation15;inputs=revenue_other_taxes_pesos,revenue_total_ordinary_pesos]",reconstructed
1848,Chile,national,,,,other_taxes_share_of_revenue,16.723,Curation-15 reconstruction (Historical Atlas of Chile),,,,"[reconstructed=curation15;inputs=revenue_other_taxes_pesos,revenue_total_ordinary_pesos]",reconstructed
1849,Chile,national,,,,other_taxes_share_of_revenue,16.4807,Curation-15 reconstruction (Historical Atlas of Chile),,,,"[reconstructed=curation15;inputs=revenue_other_taxes_pesos,revenue_total_ordinary_pesos]",reconstructed
1850,Chile,national,,,,other_taxes_share_of_revenue,15.5598,Curation-15 reconstruction (Historical Atlas of Chile),,,,"[reconstructed=curation15;inputs=revenue_other_taxes_pesos,revenue_total_ordinary_pesos]",reconstructed
1851,Chile,national,,,,other_taxes_share_of_revenue,14.845,Curation-15 reconstruction (Historical Atlas of Chile),,,,"[reconstructed=curation15;inputs=revenue_other_taxes_pesos,revenue_total_ordinary_pesos]",reconstructed
1852,Chile,national,,,,other_taxes_share_of_revenue,14.7822,Curation-15 reconstruction (Historical Atlas of Chile),,,,"[reconstructed=curation15;inputs=revenue_other_taxes_pesos,revenue_total_ordinary_pesos]",reconstructed
1859,Chile,national,,,,other_taxes_share_of_revenue,5.7967,Curation-15 reconstruction (Historical Atlas of Chile),,,,"[reconstructed=curation15;inputs=revenue_other_taxes_pesos,revenue_total_ordinary_pesos]",reconstructed
1860,Chile,national,,,,other_taxes_share_of_revenue,5.2857,Curation-15 reconstruction (Historical Atlas of Chile),,,,"[reconstructed=curation15;inputs=revenue_other_taxes_pesos,revenue_total_ordinary_pesos]",reconstructed
1868,Chile,national,,,,other_taxes_share_of_revenue,19.0201,Curation-15 reconstruction (Historical Atlas of Chile),,,,"[reconstructed=curation15;inputs=revenue_other_taxes_pesos,revenue_total_ordinary_pesos]",reconstructed
1869,Chile,national,,,,other_taxes_share_of_revenue,16.6771,Curation-15 reconstruction (Historical Atlas of Chile),,,,"[reconstructed=curation15;inputs=revenue_other_taxes_pesos,revenue_total_ordinary_pesos]",reconstructed
1874,Chile,national,,,,other_taxes_share_of_revenue,26.1519,Curation-15 reconstruction (Historical Atlas of Chile),,,,"[reconstructed=curation15;inputs=revenue_other_taxes_pesos,revenue_total_ordinary_pesos]",reconstructed
1875,Chile,national,,,,other_taxes_share_of_revenue,26.1784,Curation-15 reconstruction (Historical Atlas of Chile),,,,"[reconstructed=curation15;inputs=revenue_other_taxes_pesos,revenue_total_ordinary_pesos]",reconstructed
1878,Chile,national,,,,other_taxes_share_of_revenue,25.978,Curation-15 reconstruction (Historical Atlas of Chile),,,,"[reconstructed=curation15;inputs=revenue_other_taxes_pesos,revenue_total_ordinary_pesos]",reconstructed
1879,Chile,national,,,,other_taxes_share_of_revenue,28.4846,Curation-15 reconstruction (Historical Atlas of Chile),,,,"[reconstructed=curation15;inputs=revenue_other_taxes_pesos,revenue_total_ordinary_pesos]",reconstructed
1887,Chile,national,,,,other_taxes_share_of_revenue,27.0326,Curation-15 reconstruction (Historical Atlas of Chile),,,,"[reconstructed=curation15;inputs=revenue_other_taxes_pesos,revenue_total_ordinary_pesos]",reconstructed
1888,Chile,national,,,,other_taxes_share_of_revenue,20.0502,Curation-15 reconstruction (Historical Atlas of Chile),,,,"[reconstructed=curation15;inputs=revenue_other_taxes_pesos,revenue_total_ordinary_pesos]",reconstructed
1843,chile,national,,,,population_census_count,1083801.0,"Mamalakis Vol 2, Table 1.2 (INE)",,,,[master_projection_of=census_population;curation=15],observed
1854,chile,national,,,,population_census_count,1439120.0,"Mamalakis Vol 2, Table 1.2 (INE)",,,,[master_projection_of=census_population;curation=15],observed
1865,chile,national,,,,population_census_count,1819223.0,"Mamalakis Vol 2, Table 1.2 (INE)",,,,[master_projection_of=census_population;curation=15],observed
1875,chile,national,,,,population_census_count,2075971.0,"Mamalakis Vol 2, Table 1.2 (INE)",,,,[master_projection_of=census_population;curation=15],observed
1885,chile,national,,,,population_census_count,2507005.0,"Mamalakis Vol 2, Table 1.2 (INE)",,,,[master_projection_of=census_population;curation=15],observed
1895,chile,national,,,,population_census_count,2695625.0,"Mamalakis Vol 2, Table 1.2 (INE)",,,,[master_projection_of=census_population;curation=15],observed
1907,chile,national,,,,population_census_count,3231022.0,"Mamalakis Vol 2, Table 1.2 (INE)",,,,[master_projection_of=census_population;curation=15],observed
1920,chile,national,,,,population_census_count,3730235.0,"Mamalakis Vol 2, Table 1.2 (INE)",,,,[master_projection_of=census_population;curation=15],observed
1930,chile,national,,,,population_census_count,4287445.0,"Mamalakis Vol 2, Table 1.2 (INE)",,,,[master_projection_of=census_population;curation=15],observed
1940,chile,national,,,,population_census_count,5023539.0,"Mamalakis Vol 2, Table 1.2 (INE)",,,,[master_projection_of=census_population;curation=15],observed
1952,chile,national,,,,population_census_count,5932995.0,"Mamalakis Vol 2, Table 1.2 (INE)",,,,[master_projection_of=census_population;curation=15],observed
1960,chile,national,,,,population_census_count,7374115.0,"Mamalakis Vol 2, Table 1.2 (INE)",,,,[master_projection_of=census_population;curation=15],observed
1970,chile,national,,,,population_census_count,8884768.0,"Mamalakis Vol 2, Table 1.2 (INE)",,,,[master_projection_of=census_population;curation=15],observed
